"Date","Open","High","Low","Close","Adj Close","Volume"
2021-10-06,160.676498413086,163.216995239258,159.930999755859,163.100494384766,163.100494384766,50660000
2021-10-07,164.576995849609,166.287506103516,164.15299987793,165.121505737305,165.121505737305,48182000
2021-10-08,165.850006103516,166.071502685547,164.410003662109,164.430999755859,164.430999755859,39964000
2021-10-11,163.75,164.629501342773,161.904998779297,162.315002441406,162.315002441406,40684000
2021-10-12,162.850006103516,163.376495361328,161.813995361328,162.366500854492,162.366500854492,36392000
2021-10-13,163.485504150391,164.419006347656,163.054504394531,164.214004516602,164.214004516602,48402000
2021-10-14,165.122497558594,165.630004882812,164.539001464844,164.99299621582,164.99299621582,42190000
2021-10-15,165.570999145508,170.52099609375,165.199996948242,170.45100402832,170.45100402832,103598000
2021-10-18,169.417999267578,172.45849609375,169.255004882812,172.337005615234,172.337005615234,63482000
2021-10-19,171.714492797852,172.734497070312,171.100006103516,172.207504272461,172.207504272461,47722000
2021-10-20,172.632995605469,173.143005371094,170.018493652344,170.753005981445,170.753005981445,42796000
2021-10-21,170.712493896484,172.014007568359,170.149993896484,171.750503540039,171.750503540039,37628000
2021-10-22,171.050003051758,171.492004394531,166.565002441406,166.777496337891,166.777496337891,62782000
2021-10-25,166.75,167.389999389648,164.884994506836,166.018493652344,166.018493652344,44520000
2021-10-26,167.475494384766,170.805999755859,167.199005126953,168.803497314453,168.803497314453,53966000
2021-10-27,169.399993896484,171.850006103516,168.572494506836,169.624496459961,169.624496459961,54044000
2021-10-28,170.104995727539,173.949996948242,169.300003051758,172.328506469727,172.328506469727,114174000
2021-10-29,165.001007080078,168.740997314453,163.666000366211,168.621505737305,168.621505737305,129722000
2021-11-01,168.089996337891,168.792999267578,164.600997924805,165.905502319336,165.905502319336,72178000
2021-11-02,165.750503540039,166.555999755859,164.177505493164,165.637496948242,165.637496948242,52552000
2021-11-03,165.449996948242,169.746002197266,164.876007080078,169.199996948242,169.199996948242,67944000
2021-11-04,168.5,174.931503295898,168.25,173.850006103516,173.850006103516,107060000
2021-11-05,173.850006103516,178.3125,173.848999023438,175.949493408203,175.949493408203,99940000
2021-11-08,176.162002563477,178.949996948242,174.393005371094,174.449005126953,174.449005126953,61480000
2021-11-09,175.762496948242,179.688507080078,175.071502685547,178.811492919922,178.811492919922,85898000
2021-11-10,178.193496704102,180.272506713867,173.154495239258,174.102493286133,174.102493286133,80548000
2021-11-11,175.649993896484,177.162002563477,173.373504638672,173.625,173.625,45288000
2021-11-12,174.25,177.036499023438,172.352493286133,176.257507324219,176.257507324219,53788000
2021-11-15,176.850006103516,179.694000244141,176.290496826172,177.283996582031,177.283996582031,58594000
2021-11-16,176.949996948242,178.824996948242,176.257507324219,177.035003662109,177.035003662109,44342000
2021-11-17,178.235992431641,179.362503051758,177.267501831055,177.449996948242,177.449996948242,51206000
2021-11-18,178.317504882812,185.210006713867,178.050003051758,184.802993774414,184.802993774414,114070000
2021-11-19,185.634506225586,188.107498168945,183.785995483398,183.828506469727,183.828506469727,98734000
2021-11-22,183.819000244141,185.673004150391,178.375,178.628494262695,178.628494262695,96844000
2021-11-23,179.251998901367,181.052505493164,176.385498046875,179.001998901367,179.001998901367,73804000
2021-11-24,178.133499145508,180.682006835938,176.842498779297,179.020492553711,179.020492553711,46560000
2021-11-26,180.104995727539,181.675003051758,175.207504272461,175.227996826172,175.227996826172,59826000
2021-11-29,177.38200378418,179.800003051758,176.574996948242,178.078506469727,178.078506469727,65312000
2021-11-30,178.175003051758,179.288497924805,174.600494384766,175.353500366211,175.353500366211,80022000
2021-12-01,177.25,177.994003295898,172.080001831055,172.186004638672,172.186004638672,74916000
2021-12-02,173,174.634994506836,171.1875,171.86799621582,171.86799621582,64726000
2021-12-03,172.75,173.493499755859,166.929992675781,169.489501953125,169.489501953125,80712000
2021-12-06,169.649993896484,173.695495605469,166.934494018555,171.368499755859,171.368499755859,68860000
2021-12-07,174.600006103516,177.499496459961,173.334503173828,176.164505004883,176.164505004883,66410000
2021-12-08,176.150497436523,177.179992675781,174.750503540039,176.158004760742,176.158004760742,45254000
2021-12-09,175.75,176.969497680664,174.139495849609,174.171005249023,174.171005249023,46062000
2021-12-10,175.417007446289,175.927001953125,170.5,172.212005615234,172.212005615234,60690000
2021-12-13,172,172.100006103516,169.130004882812,169.567504882812,169.567504882812,62170000
2021-12-14,167.550003051758,169.498992919922,166.440002441406,169.091506958008,169.091506958008,55976000
2021-12-15,168.598007202148,173.600006103516,165.195007324219,173.315002441406,173.315002441406,75794000
2021-12-16,173.368499755859,174.166000366211,168.160507202148,168.871002197266,168.871002197266,60876000
2021-12-17,167.710494995117,170.898498535156,165.613494873047,170.017501831055,170.017501831055,85542000
2021-12-20,166.850006103516,167.874496459961,165.600006103516,167.078994750977,167.078994750977,57372000
2021-12-21,167.850494384766,170.716506958008,165.647506713867,170.417007446289,170.417007446289,55956000
2021-12-22,169.270004272461,172.050003051758,168.500503540039,171.037002563477,171.037002563477,55036000
2021-12-23,170.427993774414,171.975006103516,170.149993896484,171.068496704102,171.068496704102,36788000
2021-12-27,171.037002563477,172.942993164062,169.21549987793,169.669494628906,169.669494628906,58688000
2021-12-28,170.182495117188,172.175994873047,169.135498046875,170.660995483398,170.660995483398,54638000
2021-12-29,170.839996337891,171.212005615234,168.600494384766,169.20100402832,169.20100402832,35754000
2021-12-30,169.699996948242,170.888000488281,168.524002075195,168.644500732422,168.644500732422,37584000
2021-12-31,168.955993652344,169.350006103516,166.558502197266,166.716995239258,166.716995239258,47830000
2022-01-03,167.550003051758,170.703506469727,166.160507202148,170.404495239258,170.404495239258,63520000
2022-01-04,170.438003540039,171.399993896484,166.349502563477,167.522003173828,167.522003173828,70726000
2022-01-05,166.882995605469,167.126495361328,164.356994628906,164.356994628906,164.356994628906,64302000
2022-01-06,163.450500488281,164.800003051758,161.936996459961,163.253997802734,163.253997802734,51958000
2022-01-07,163.839004516602,165.243499755859,162.031005859375,162.554000854492,162.554000854492,46606000
2022-01-10,160.585494995117,161.661499023438,156.304504394531,161.485992431641,161.485992431641,87798000
2022-01-11,161.5,166.350006103516,160.701507568359,165.361999511719,165.361999511719,62806000
2022-01-12,166.574996948242,166.878005981445,164.417007446289,165.207000732422,165.207000732422,50030000
2022-01-13,165.250503540039,166.221496582031,161.091003417969,161.214004516602,161.214004516602,52188000
2022-01-14,160.149993896484,162.25,159.800506591797,162.138000488281,162.138000488281,45974000
2022-01-18,159.104995727539,159.734497070312,157.664505004883,158.917495727539,158.917495727539,67292000
2022-01-19,158.761993408203,159.25,156.25,156.29899597168,156.29899597168,53242000
2022-01-20,156.766006469727,158,151.350997924805,151.667495727539,151.667495727539,71974000
2022-01-21,149.949996948242,150.899993896484,142.070495605469,142.643005371094,142.643005371094,163972000
2022-01-24,139,144.945007324219,135.352005004883,144.544006347656,144.544006347656,155624000
2022-01-25,142.242492675781,143.600006103516,138.145004272461,139.985992431641,139.985992431641,90824000
2022-01-26,144.75,145.184997558594,137.318496704102,138.872497558594,138.872497558594,95602000
2022-01-27,140.800003051758,144.243499755859,139.350006103516,139.637496948242,139.637496948242,77516000
2022-01-28,140.860504150391,143.998001098633,137.929504394531,143.977996826172,143.977996826172,74392000
2022-01-31,144.75,150.360504150391,144.300506591797,149.573501586914,149.573501586914,78308000
2022-02-01,150,151.707992553711,147.627502441406,151.193496704102,151.193496704102,59220000
2022-02-02,155.050506591797,155.074996948242,148.863494873047,150.612503051758,150.612503051758,87330000
2022-02-03,141.737503051758,144.247497558594,138.332992553711,138.845504760742,138.845504760742,225532000
2022-02-04,155.606506347656,161.199996948242,150.608001708984,157.639495849609,157.639495849609,253456000
2022-02-07,158.520004272461,162.690994262695,157.25,157.935501098633,157.935501098633,102624000
2022-02-08,156.750503540039,161.792495727539,155.550506591797,161.413497924805,161.413497924805,76040000
2022-02-09,162.873504638672,163.834503173828,160.25,161.189498901367,161.189498901367,68786000
2022-02-10,158.350006103516,160.716506958008,157.75,159.003494262695,159.003494262695,68268000
2022-02-11,158.134506225586,159,152.733993530273,153.293502807617,153.293502807617,77100000
2022-02-14,151.751007080078,158.448501586914,151.649993896484,155.167007446289,155.167007446289,83230000
2022-02-15,157.605499267578,158.00700378418,154.637496948242,156.510498046875,156.510498046875,56440000
2022-02-16,155.790496826172,158.833999633789,154.734497070312,158.100494384766,158.100494384766,52704000
2022-02-17,158.14599609375,160.348999023438,154.5,154.652496337891,154.652496337891,64032000
2022-02-18,155.499496459961,155.499496459961,150.893005371094,152.601501464844,152.601501464844,63604000
2022-02-22,150.478500366211,152.982498168945,148.485504150391,150.197494506836,150.197494506836,66128000
2022-02-23,151.650497436523,151.763000488281,144.651000976562,144.826995849609,144.826995849609,64244000
2022-02-24,139.837493896484,151.748992919922,139.5,151.358001708984,151.358001708984,100786000
2022-02-25,150.550003051758,153.990005493164,149.213500976562,153.788497924805,153.788497924805,62396000
2022-02-28,152.425003051758,154.449996948242,150.850006103516,153.563003540039,153.563003540039,57684000
2022-03-01,152.732498168945,154.098999023438,149.977005004883,151.141998291016,151.141998291016,44874000
2022-03-02,150.848999023438,152.999496459961,148.75,152.052505493164,152.052505493164,47334000
2022-03-03,153.531494140625,153.929000854492,146.856002807617,147.898498535156,147.898498535156,65198000
2022-03-04,147.158996582031,147.850006103516,143.807006835938,145.641006469727,145.641006469727,60934000
2022-03-07,145.443496704102,146.094497680664,137.41650390625,137.453002929688,137.453002929688,86934000
2022-03-08,136.683502197266,140.699493408203,133.572494506836,136.014495849609,136.014495849609,91662000
2022-03-09,139.5,140.25,136.828002929688,139.279006958008,139.279006958008,82656000
2022-03-10,145.684997558594,148.674499511719,143.977996826172,146.817504882812,146.817504882812,135062000
2022-03-11,149.574493408203,149.675003051758,145.369003295898,145.524505615234,145.524505615234,68900000
2022-03-14,145.981002807617,147.449996948242,140.884002685547,141.852996826172,141.852996826172,74086000
2022-03-15,142.850006103516,147.985000610352,142,147.366500854492,147.366500854492,75584000
2022-03-16,148.5,153.149993896484,147.353500366211,153.10400390625,153.10400390625,84958000
2022-03-17,152.640502929688,157.498504638672,152.139999389648,157.238998413086,157.238998413086,72934000
2022-03-18,156.813003540039,161.593994140625,156.011001586914,161.250503540039,161.250503540039,102962000
2022-03-21,161.121002197266,163.083999633789,159.552993774414,161.491500854492,161.491500854492,66538000
2022-03-22,161.80549621582,166.167007446289,161.699005126953,164.889007568359,164.889007568359,64086000
2022-03-23,163.705001831055,166.369995117188,162.686996459961,163.408004760742,163.408004760742,55812000
2022-03-24,163.749496459961,164.118499755859,160.050003051758,163.649505615234,163.649505615234,56798000
2022-03-25,164,165.368499755859,162.25,164.773498535156,164.773498535156,49032000
2022-03-28,164.975006103516,169.037506103516,164.899993896484,168.990493774414,168.990493774414,59854000
2022-03-29,170.384002685547,170.831497192383,167.868499755859,169.315002441406,169.315002441406,66154000
2022-03-30,168.509506225586,168.950500488281,165.5,166.300994873047,166.300994873047,56168000
2022-03-31,166.445007324219,166.494995117188,162.953506469727,162.997497558594,162.997497558594,59966000
2022-04-01,164.149505615234,165.826995849609,162.31950378418,163.559997558594,163.559997558594,57090000
2022-04-04,164.125,168.394500732422,163.205505371094,168.346496582031,168.346496582031,49882000
2022-04-05,167.741500854492,168.110504150391,163.266006469727,164.054992675781,164.054992675781,53728000
2022-04-06,161.650497436523,162.199996948242,157.254501342773,158.755996704102,158.755996704102,79056000
2022-04-07,158.399993896484,160.078994750977,154.511505126953,157.78450012207,157.78450012207,68136000
2022-04-08,156.75,157.368499755859,154.231002807617,154.460494995117,154.460494995117,46002000
2022-04-11,152.712997436523,154.136505126953,150.53450012207,151.121994018555,151.121994018555,52112000
2022-04-12,153.692504882812,155.098999023438,150.382995605469,150.787506103516,150.787506103516,55178000
2022-04-13,150.018493652344,156.024993896484,149.600006103516,155.541000366211,155.541000366211,53390000
2022-04-14,155.389999389648,155.897003173828,151.47200012207,151.706497192383,151.706497192383,51598000
2022-04-18,151.523498535156,154.039505004883,150.250503540039,152.785003662109,152.785003662109,46514000
2022-04-19,152.029495239258,158.649002075195,151.550506591797,158.115493774414,158.115493774414,54926000
2022-04-20,157.602493286133,157.602493286133,153.603500366211,153.998001098633,153.998001098633,59630000
2022-04-21,154.714004516602,156.738006591797,147.589492797852,148.296005249023,148.296005249023,63970000
2022-04-22,148.25,149.615005493164,143.697494506836,144.350006103516,144.350006103516,73078000
2022-04-25,144.022994995117,146.221496582031,142.306503295898,146.074005126953,146.074005126953,61874000
2022-04-26,144.800003051758,144.856002807617,138.929504394531,139.391006469727,139.391006469727,77530000
2022-04-27,140.191497802734,141.948501586914,135.783493041992,138.167007446289,138.167007446289,71336000
2022-04-28,142.177993774414,145.9375,140.300003051758,144.596496582031,144.596496582031,117316000
2022-04-29,129.848999023438,130.761001586914,121.625,124.28150177002,124.28150177002,272662000
2022-05-02,122.401000976562,124.667999267578,118.375,124.5,124.5,148788000
2022-05-03,124.053497314453,126.220497131348,122.824996948242,124.25350189209,124.25350189209,79134000
2022-05-04,123.599998474121,126,119.182998657227,125.928497314453,125.928497314453,110746000
2022-05-05,123,123.499000549316,115.07250213623,116.406997680664,116.406997680664,144392000
2022-05-06,114.849998474121,119.050498962402,113.081497192383,114.772499084473,114.772499084473,124260000
2022-05-09,111.3125,114,107.957000732422,108.789001464844,108.789001464844,128124000
2022-05-10,111.25,112.642501831055,107.170997619629,108.859001159668,108.859001159668,105434000
2022-05-11,108.103500366211,110.15599822998,104.428497314453,105.372001647949,105.372001647949,109704000
2022-05-12,102.75,110.780502319336,102.405502319336,106.93049621582,106.93049621582,132026000
2022-05-13,109.069000244141,113.18399810791,107.800003051758,113.055000305176,113.055000305176,93684000
2022-05-16,113.099998474121,113.992500305176,110.353996276855,110.810501098633,110.810501098633,74566000
2022-05-17,113.275001525879,115.800003051758,111.276496887207,115.368499755859,115.368499755859,76448000
2022-05-18,111.439498901367,112.852996826172,106.249000549316,107.112503051758,107.112503051758,108380000
2022-05-19,106.280502319336,110.033996582031,106.193000793457,107.319000244141,107.319000244141,88142000
2022-05-20,109.568496704102,109.898002624512,105.009498596191,107.591003417969,107.591003417969,99500000
2022-05-23,108.460998535156,108.819000244141,103.949996948242,107.556999206543,107.556999206543,107798000
2022-05-24,104.025001525879,105.400001525879,101.26000213623,104.099998474121,104.099998474121,102934000
2022-05-25,103.655502319336,108.175003051758,103.650001525879,106.775001525879,106.775001525879,93120000
2022-05-26,107.970001220703,112.665496826172,107.453498840332,111.077499389648,111.077499389648,93002000
2022-05-27,113.550003051758,115.186996459961,112.627998352051,115.146499633789,115.146499633789,93660000
2022-05-31,116.279998779297,121.994499206543,115.675003051758,120.209503173828,120.209503173828,144634000
2022-06-01,122.255996704102,125.179000854492,120.622497558594,121.68399810791,121.68399810791,127528000
2022-06-02,121.68399810791,125.610000610352,120.044998168945,125.511001586914,125.511001586914,100560000
2022-06-03,124.199996948242,124.400001525879,121.046501159668,122.349998474121,122.349998474121,97604000
2022-06-06,125.25,128.990005493164,123.809997558594,124.790000915527,124.790000915527,135269000
2022-06-07,122.01000213623,124.099998474121,120.629997253418,123,123,85156700
2022-06-08,122.610000610352,123.75,120.75,121.180000305176,121.180000305176,64926600
2022-06-09,119.98999786377,121.300003051758,116.099998474121,116.150001525879,116.150001525879,67029800
2022-06-10,113.419998168945,114.5,109.050003051758,109.650001525879,109.650001525879,87266000
2022-06-13,104.190002441406,106.540000915527,101.860000610352,103.669998168945,103.669998168945,99277700
2022-06-14,104.190002441406,104.879997253418,101.430000305176,102.309997558594,102.309997558594,69728800
2022-06-15,103.860000610352,109.059997558594,103.529998779297,107.669998168945,107.669998168945,85011100
2022-06-16,104.470001220703,104.580001831055,102.01000213623,103.660003662109,103.660003662109,82186300
2022-06-17,102.800003051758,106.980003356934,102.51000213623,106.220001220703,106.220001220703,99772100
2022-06-21,108.199996948242,111.629997253418,103.559997558594,108.680000305176,108.680000305176,70901200
2022-06-22,107.430000305176,112.129997253418,107.019996643066,108.949996948242,108.949996948242,60040100
2022-06-23,110.389999389648,113,107.930000305176,112.440002441406,112.440002441406,64345300
2022-06-24,112.379997253418,116.709999084473,111.430000305176,116.459999084473,116.459999084473,69867600
2022-06-27,117.089996337891,117.980003356934,112.699996948242,113.220001220703,113.220001220703,62133200
2022-06-28,113.5,114.849998474121,107.040000915527,107.400001525879,107.400001525879,74942900
2022-06-29,107.379997253418,110.98999786377,106.910003662109,108.919998168945,108.919998168945,66375300
2022-06-30,108.110000610352,108.180000305176,102.519996643066,106.209999084473,106.209999084473,97679400
2022-07-01,106.290000915527,109.75,105.849998474121,109.559997558594,109.559997558594,73021200
2022-07-05,107.599998474121,114.080001831055,106.319999694824,113.5,113.5,76583700
2022-07-06,113.209999084473,115.480003356934,112.01000213623,114.330001831055,114.330001831055,66958900
2022-07-07,113.849998474121,116.98999786377,113.48999786377,116.330001831055,116.330001831055,57872300
2022-07-08,114.599998474121,116.580001831055,113.690002441406,115.540000915527,115.540000915527,45719700
2022-07-11,114.080001831055,114.300003051758,110.870002746582,111.75,111.75,53487600
2022-07-12,112.160003662109,113.230003356934,108.339996337891,109.220001220703,109.220001220703,54280300
2022-07-13,107.029998779297,111.779998779297,106.01000213623,110.400001525879,110.400001525879,61353800
2022-07-14,110.23999786377,111.180000305176,107.580001831055,110.629997253418,110.629997253418,51163100
2022-07-15,112.5,115.589996337891,111.589996337891,113.550003051758,113.550003051758,84317800
2022-07-18,115,117.23999786377,113.150001525879,113.76000213623,113.76000213623,59115400
2022-07-19,115.699996948242,118.949996948242,114.029998779297,118.209999084473,118.209999084473,60990000
2022-07-20,118.620002746582,123.480003356934,118.319999694824,122.769996643066,122.769996643066,71268300
2022-07-21,123.199996948242,124.849998474121,121.26000213623,124.629997253418,124.629997253418,60239900
2022-07-22,125.01000213623,125.5,121.349998474121,122.419998168945,122.419998168945,51463800
2022-07-25,122.699996948242,123.639999389648,120.029998779297,121.139999389648,121.139999389648,50221300
2022-07-26,115.790000915527,118.150001525879,114.529998779297,114.809997558594,114.809997558594,67075100
2022-07-27,117.309997558594,121.900001525879,117.160003662109,120.970001220703,120.970001220703,61582000
2022-07-28,121.569999694824,122.839996337891,118.080001831055,122.279998779297,122.279998779297,82245500
2022-07-29,134.899993896484,137.649993896484,132.410003662109,134.949996948242,134.949996948242,148892900
2022-08-01,134.960006713867,138.830001831055,133.509994506836,135.389999389648,135.389999389648,76846900
2022-08-02,134.720001220703,137.440002441406,134.089996337891,134.160003662109,134.160003662109,61922400
2022-08-03,136.210006713867,140.490005493164,136.050003051758,139.520004272461,139.520004272461,71827800
2022-08-04,140.580001831055,143.559997558594,139.550003051758,142.570007324219,142.570007324219,70585000
2022-08-05,140.100006103516,142.860000610352,139.600006103516,140.800003051758,140.800003051758,50686900
2022-08-08,142.050003051758,144.229995727539,138.289993286133,139.410003662109,139.410003662109,52229000
2022-08-09,138.050003051758,138.949996948242,136.210006713867,137.830001831055,137.830001831055,40434700
2022-08-10,142.899993896484,144.600006103516,141.009994506836,142.690002441406,142.690002441406,54773800
2022-08-11,143.860000610352,144.490005493164,139.759994506836,140.639999389648,140.639999389648,44867300
2022-08-12,142.050003051758,143.570007324219,140.119995117188,143.550003051758,143.550003051758,47643500
2022-08-15,142.800003051758,143.759994506836,141.490005493164,143.179992675781,143.179992675781,39014600
2022-08-16,143.910003662109,146.570007324219,142,144.779998779297,144.779998779297,59102900
2022-08-17,142.690002441406,143.380004882812,140.779998779297,142.100006103516,142.100006103516,48149800
2022-08-18,141.320007324219,142.770004272461,140.380004882812,142.300003051758,142.300003051758,37458700
2022-08-19,140.470001220703,141.110000610352,137.910003662109,138.229995727539,138.229995727539,47792800
2022-08-22,135.720001220703,136.320007324219,132.850006103516,133.220001220703,133.220001220703,50461500
2022-08-23,133.410003662109,134.990005493164,132.949996948242,133.619995117188,133.619995117188,36252100
2022-08-24,132.75,135.470001220703,132.100006103516,133.800003051758,133.800003051758,38627000
2022-08-25,135.259994506836,137.419998168945,134.279998779297,137.279998779297,137.279998779297,37496300
2022-08-26,136.550003051758,137.830001831055,130.5,130.75,130.75,53322700
2022-08-29,129.899993896484,131.949996948242,128.770004272461,129.789993286133,129.789993286133,48101600
2022-08-30,131.25,132.070007324219,126.849998474121,128.729995727539,128.729995727539,49203000
2022-08-31,129.449996948242,130.589996337891,126.73999786377,126.769996643066,126.769996643066,53648700
2022-09-01,126,128.020004272461,123.660003662109,127.819999694824,127.819999694824,56636100
2022-09-02,129.5,131.380004882812,126.389999389648,127.51000213623,127.51000213623,57429800
2022-09-06,127.919998168945,128.619995117188,124.73999786377,126.110000610352,126.110000610352,43888600
2022-09-07,126.120002746582,129.820007324219,125.400001525879,129.479995727539,129.479995727539,47900300
2022-09-08,127.720001220703,130.279998779297,127.099998474121,129.820007324219,129.820007324219,43988500
2022-09-09,130.910003662109,133.690002441406,130.759994506836,133.270004272461,133.270004272461,49387600
2022-09-12,134.100006103516,136.490005493164,134,136.449996948242,136.449996948242,53826900
2022-09-13,131.009994506836,131.399993896484,126.269996643066,126.819999694824,126.819999694824,72694000
2022-09-14,127.360000610352,128.839996337891,126.330001831055,128.550003051758,128.550003051758,45316800
2022-09-15,127.379997253418,130.369995117188,125.5,126.279998779297,126.279998779297,52887200
2022-09-16,122.779998779297,123.870002746582,120.699996948242,123.529998779297,123.529998779297,115667800
2022-09-19,122.160003662109,124.709999084473,121.800003051758,124.660003662109,124.660003662109,47279700
2022-09-20,123.349998474121,124.400001525879,121.139999389648,122.190002441406,122.190002441406,47698400
2022-09-21,122.48999786377,123.76000213623,118.449996948242,118.540000915527,118.540000915527,58498900
2022-09-22,117.080001831055,118.790000915527,116.26000213623,117.309997558594,117.309997558594,55229200
2022-09-23,116,116.050003051758,112.059997558594,113.779998779297,113.779998779297,65126700
2022-09-26,113.300003051758,117.339996337891,113.129997253418,115.150001525879,115.150001525879,62723300
2022-09-27,117.199996948242,118.319999694824,113.050003051758,114.410003662109,114.410003662109,60094700
2022-09-28,114.379997253418,118.699996948242,113.800003051758,118.01000213623,118.01000213623,55763800
2022-09-29,115.599998474121,116.069999694824,113.059997558594,114.800003051758,114.800003051758,58969700
2022-09-30,114.080001831055,116.919998168945,112.839996337891,113,113,59479600
2022-10-03,113.580001831055,116.910003662109,112.449996948242,115.879997253418,115.879997253418,50941900
2022-10-04,119.889999389648,123,119.790000915527,121.089996337891,121.089996337891,62812600
2022-10-05,118.580001831055,121.75,117.690002441406,120.949996948242,120.949996948242,48217500
2022-10-06,120.769996643066,121.529998779297,119.5,120.300003051758,120.300003051758,42253800
2022-10-07,118,118.169998168945,113.879997253418,114.559997558594,114.559997558594,54678000
2022-10-10,115.099998474121,116.25,112.430000305176,113.669998168945,113.669998168945,42339700
2022-10-11,112.709999084473,115.480003356934,110.389999389648,112.209999084473,112.209999084473,56432200
2022-10-12,112.48999786377,113.830001831055,111.400001525879,112.900001525879,112.900001525879,45728700
2022-10-13,107.879997253418,113.440002441406,105.349998474121,112.529998779297,112.529998779297,86868100
2022-10-14,114.099998474121,114.959999084473,106.599998474121,106.900001525879,106.900001525879,67737300
2022-10-17,110.110000610352,114.190002441406,110.089996337891,113.790000915527,113.790000915527,62782000
2022-10-18,119.059997558594,119.519996643066,114.790000915527,116.360000610352,116.360000610352,65607400
2022-10-19,114.709999084473,116.589996337891,113.220001220703,115.069999694824,115.069999694824,47198100
2022-10-20,113.830001831055,118.23999786377,113.51000213623,115.25,115.25,48795100
2022-10-21,114.790000915527,119.589996337891,114.5,119.319999694824,119.319999694824,55660500
2022-10-24,119.980003356934,120.389999389648,116.569999694824,119.819999694824,119.819999694824,49531500
2022-10-25,119.650001525879,121.319999694824,118.949996948242,120.599998474121,120.599998474121,50934600
2022-10-26,116,119.349998474121,114.76000213623,115.660003662109,115.660003662109,68802300
2022-10-27,113.919998168945,114.120002746582,109.769996643066,110.959999084473,110.959999084473,129605400
2022-10-28,97.9100036621094,103.959999084473,97.6600036621094,103.410003662109,103.410003662109,223133400
2022-10-31,103.559997558594,104.870002746582,100.73999786377,102.440002441406,102.440002441406,99251400
2022-11-01,103.98999786377,104.580001831055,96.0599975585938,96.7900009155273,96.7900009155273,153370000
2022-11-02,97.3199996948242,97.7399978637695,92.0100021362305,92.120002746582,92.120002746582,135761800
2022-11-03,92.4700012207031,93.5,89.0199966430664,89.3000030517578,89.3000030517578,136683300
2022-11-04,91.4899978637695,92.4400024414062,88.0400009155273,90.9800033569336,90.9800033569336,129101300
2022-11-07,91.9499969482422,92.0999984741211,89.0400009155273,90.5299987792969,90.5299987792969,77495700
2022-11-08,90.7900009155273,91.7200012207031,88.2300033569336,89.9800033569336,89.9800033569336,88703400
2022-11-09,89.4700012207031,89.4800033569336,85.870002746582,86.1399993896484,86.1399993896484,90796200
2022-11-10,92.9400024414062,98.6900024414062,91.6500015258789,96.629997253418,96.629997253418,173414900
2022-11-11,97.879997253418,101.190002441406,96.6600036621094,100.790000915527,100.790000915527,111590500
2022-11-14,98.7699966430664,100.120002746582,97.2900009155273,98.4899978637695,98.4899978637695,99533100
2022-11-15,103.209999084473,103.790000915527,97.3399963378906,98.9400024414062,98.9400024414062,111336300
2022-11-16,96.8499984741211,98.4899978637695,95.5400009155273,97.120002746582,97.120002746582,87958800
2022-11-17,95.370002746582,96.9700012207031,94.0299987792969,94.8499984741211,94.8499984741211,82617900
2022-11-18,95.9499969482422,95.9899978637695,92.4800033569336,94.1399993896484,94.1399993896484,72428200
2022-11-21,93.9700012207031,95.0199966430664,90.5899963378906,92.4599990844727,92.4599990844727,84330300
2022-11-22,92.620002746582,93.3499984741211,90.870002746582,93.1999969482422,93.1999969482422,62192000
2022-11-23,93.2399978637695,94.5800018310547,92.8300018310547,94.129997253418,94.129997253418,59414700
2022-11-25,93.7900009155273,94.4300003051758,93.0699996948242,93.4100036621094,93.4100036621094,35088600
2022-11-28,93.9300003051758,96.4000015258789,93.4300003051758,93.9499969482422,93.9499969482422,74943100
2022-11-29,94.0400009155273,94.4100036621094,91.4400024414062,92.4199981689453,92.4199981689453,65567300
2022-11-30,92.4700012207031,96.5400009155273,91.5299987792969,96.5400009155273,96.5400009155273,102805800
2022-12-01,96.9899978637695,97.2300033569336,94.9199981689453,95.5,95.5,68488000
2022-12-02,94.4800033569336,95.3600006103516,93.7799987792969,94.129997253418,94.129997253418,72496400
2022-12-05,93.0500030517578,94.0599975585938,90.8199996948242,91.0100021362305,91.0100021362305,71535500
2022-12-06,90.5,91.0400009155273,87.9000015258789,88.25,88.25,75503600
2022-12-07,88.3399963378906,89.8899993896484,87.4800033569336,88.4599990844727,88.4599990844727,68086900
2022-12-08,89.2399978637695,90.8600006103516,87.879997253418,90.3499984741211,90.3499984741211,73305900
2022-12-09,88.9000015258789,90.3000030517578,88.629997253418,89.0899963378906,89.0899963378906,67398500
2022-12-12,89.2099990844727,90.5800018310547,87.870002746582,90.5500030517578,90.5500030517578,61999800
2022-12-13,95.2300033569336,96.25,90.5199966430664,92.4899978637695,92.4899978637695,100212000
2022-12-14,92.5,93.4599990844727,89.870002746582,91.5800018310547,91.5800018310547,70298000
2022-12-15,89.8899993896484,89.9700012207031,87.4700012207031,88.4499969482422,88.4499969482422,84802900
2022-12-16,88.2699966430664,89.3499984741211,86.7300033569336,87.8600006103516,87.8600006103516,146144100
2022-12-19,87.5100021362305,87.629997253418,84.5100021362305,84.9199981689453,84.9199981689453,83531500
2022-12-20,85.3300018310547,86.6100006103516,84.3300018310547,85.1900024414062,85.1900024414062,74348300
2022-12-21,86.1800003051758,87.2300033569336,85.2099990844727,86.7699966430664,86.7699966430664,59267200
2022-12-22,85.5199966430664,85.6800003051758,82.25,83.7900009155273,83.7900009155273,81431300
2022-12-23,83.25,85.7799987792969,82.9300003051758,85.25,85.25,57433700
2022-12-27,84.9700012207031,85.3499984741211,83,83.0400009155273,83.0400009155273,57284000
2022-12-28,82.8000030517578,83.4800033569336,81.6900024414062,81.8199996948242,81.8199996948242,58228600
2022-12-29,82.870002746582,84.5500030517578,82.5500030517578,84.1800003051758,84.1800003051758,54995900
2022-12-30,83.120002746582,84.0500030517578,82.4700012207031,84,84,62401200
2023-01-03,85.4599990844727,86.9599990844727,84.2099990844727,85.8199996948242,85.8199996948242,76706000
2023-01-04,86.5500030517578,86.9800033569336,83.3600006103516,85.1399993896484,85.1399993896484,68885100
2023-01-05,85.3300018310547,85.4199981689453,83.0699996948242,83.120002746582,83.120002746582,67930800
2023-01-06,83.0299987792969,86.4000015258789,81.4300003051758,86.0800018310547,86.0800018310547,83303400
2023-01-09,87.4599990844727,89.4800033569336,87.0800018310547,87.3600006103516,87.3600006103516,65266100
2023-01-10,87.5699996948242,90.1900024414062,87.2900009155273,89.870002746582,89.870002746582,67756600
2023-01-11,90.9300003051758,95.2600021362305,90.9300003051758,95.0899963378906,95.0899963378906,103126200
2023-01-12,96.9300003051758,97.1900024414062,93.5,95.2699966430664,95.2699966430664,85254800
2023-01-13,94.1800003051758,98.370002746582,94.120002746582,98.120002746582,98.120002746582,85549400
2023-01-17,98.6800003051758,98.8899993896484,95.7300033569336,96.0500030517578,96.0500030517578,72755000
2023-01-18,97.25,99.3199996948242,95.379997253418,95.4599990844727,95.4599990844727,79570400
2023-01-19,94.7399978637695,95.4400024414062,92.8600006103516,93.6800003051758,93.6800003051758,69002700
2023-01-20,93.8600006103516,97.3499984741211,93.1999969482422,97.25,97.25,67481500
2023-01-23,97.5599975585938,97.7799987792969,95.8600006103516,97.5199966430664,97.5199966430664,76501100
2023-01-24,96.9300003051758,98.0899963378906,96,96.3199996948242,96.3199996948242,66929500
2023-01-25,92.5599975585938,97.2399978637695,91.5199966430664,97.1800003051758,97.1800003051758,94261600
2023-01-26,98.2399978637695,99.4899978637695,96.9199981689453,99.2200012207031,99.2200012207031,68523600
2023-01-27,99.5299987792969,103.48999786377,99.5299987792969,102.23999786377,102.23999786377,87775600
2023-01-30,101.089996337891,101.73999786377,99.0100021362305,100.550003051758,100.550003051758,70691900
2023-01-31,101.160003662109,103.349998474121,101.139999389648,103.129997253418,103.129997253418,66527300
2023-02-01,102.529998779297,106.23999786377,101.23999786377,105.150001525879,105.150001525879,80450100
2023-02-02,110.25,114,108.879997253418,112.910003662109,112.910003662109,158154200
2023-02-03,105.26000213623,108.779998779297,102.519996643066,103.389999389648,103.389999389648,144374800
2023-02-06,102.930000305176,103.949996948242,100.650001525879,102.180000305176,102.180000305176,81945200
2023-02-07,101.169998168945,102.410003662109,98.0800018310547,102.110000610352,102.110000610352,119501300
2023-02-08,102.040000915527,102.669998168945,98.7799987792969,100.050003051758,100.050003051758,75878300
2023-02-09,101.319999694824,101.779998779297,97.5699996948242,98.2399978637695,98.2399978637695,64622500
2023-02-10,97.5599975585938,98.8199996948242,96.2300033569336,97.6100006103516,97.6100006103516,52740100
2023-02-13,97.8499984741211,99.6800003051758,96.9100036621094,99.5400009155273,99.5400009155273,52841500
2023-02-14,98.4100036621094,100.919998168945,97.5199966430664,99.6999969482422,99.6999969482422,56202900
2023-02-15,99.0899963378906,101.169998168945,98.4499969482422,101.160003662109,101.160003662109,47957600
2023-02-16,99.2099990844727,100.629997253418,98.0999984741211,98.1500015258789,98.1500015258789,56339200
2023-02-17,97.8000030517578,97.9400024414062,95.6500015258789,97.1999969482422,97.1999969482422,60029400
2023-02-21,95.3399963378906,95.6100006103516,94.2699966430664,94.5800018310547,94.5800018310547,56580400
2023-02-22,95.0999984741211,97.0100021362305,94.8000030517578,95.7900009155273,95.7900009155273,59534100
2023-02-23,96.120002746582,96.4300003051758,93.6699981689453,95.8199996948242,95.8199996948242,48467000
2023-02-24,93.5299987792969,94.1399993896484,92.3199996948242,93.5,93.5,57053800
2023-02-27,94.2799987792969,94.7799987792969,93.1399993896484,93.7600021362305,93.7600021362305,47470300
2023-02-28,93.1399993896484,94.6900024414062,92.9199981689453,94.2300033569336,94.2300033569336,43959300
2023-03-01,93.870002746582,94.6800003051758,91.5899963378906,92.1699981689453,92.1699981689453,52299500
2023-03-02,91.4100036621094,92.2300033569336,90.3899993896484,92.129997253418,92.129997253418,55509400
2023-03-03,92.7399978637695,94.9400024414062,92.6600036621094,94.9000015258789,94.9000015258789,55759600
2023-03-06,95.1900024414062,96.5500030517578,93.7399978637695,93.75,93.75,52112400
2023-03-07,94.0599975585938,95.0899963378906,92.7799987792969,93.5500030517578,93.5500030517578,49100700
2023-03-08,93.5999984741211,94.1699981689453,92.1800003051758,93.9199981689453,93.9199981689453,44899100
2023-03-09,93.6800003051758,96.2099990844727,92.1800003051758,92.25,92.25,56218700
2023-03-10,92.6699981689453,93.5699996948242,90.25,90.7300033569336,90.7300033569336,69827500
2023-03-13,89.9700012207031,94.0199966430664,88.120002746582,92.4300003051758,92.4300003051758,72397100
2023-03-14,93.8300018310547,95.0699996948242,92.7099990844727,94.879997253418,94.879997253418,60912700
2023-03-15,93.2200012207031,96.6699981689453,93.0699996948242,96.1999969482422,96.1999969482422,70731800
2023-03-16,95.75,100.98999786377,95.6100006103516,100.040000915527,100.040000915527,84446900
2023-03-17,99.7900009155273,100.660003662109,97.4599990844727,98.9499969482422,98.9499969482422,87300200
2023-03-20,98.4100036621094,98.4800033569336,95.6999969482422,97.7099990844727,97.7099990844727,62388900
2023-03-21,98.1399993896484,100.849998474121,98,100.610000610352,100.610000610352,58597300
2023-03-22,100.449996948242,102.099998474121,98.6100006103516,98.6999969482422,98.6999969482422,57475400
2023-03-23,100.430000305176,101.059997558594,97.620002746582,98.7099990844727,98.7099990844727,57559300
2023-03-24,98.0699996948242,98.3000030517578,96.4000015258789,98.129997253418,98.129997253418,56095400
2023-03-27,99.0699996948242,99.3399963378906,97.0800018310547,98.0400009155273,98.0400009155273,46721300
2023-03-28,98.1100006103516,98.4400024414062,96.2900009155273,97.2399978637695,97.2399978637695,38720100
2023-03-29,98.6900024414062,100.419998168945,98.5599975585938,100.25,100.25,49783300
2023-03-30,101.550003051758,103.040000915527,101.01000213623,102,102,53633400
2023-03-31,102.160003662109,103.48999786377,101.949996948242,103.290000915527,103.290000915527,56750300
2023-04-03,102.300003051758,103.290000915527,101.430000305176,102.410003662109,102.410003662109,41135700
2023-04-04,102.75,104.199996948242,102.110000610352,103.949996948242,103.949996948242,48662500
2023-04-05,103.910003662109,103.910003662109,100.75,101.099998474121,101.099998474121,45175400
2023-04-06,100.75,102.379997253418,99.8000030517578,102.059997558594,102.059997558594,43808000
2023-04-10,100.959999084473,102.199996948242,99.5699996948242,102.169998168945,102.169998168945,37261200
2023-04-11,100.800003051758,101,99.0100021362305,99.9199981689453,99.9199981689453,60417800
2023-04-12,100.400001525879,100.51000213623,97.7099990844727,97.8300018310547,97.8300018310547,56735000
2023-04-13,98.9499969482422,102.569999694824,98.7099990844727,102.400001525879,102.400001525879,67925100
2023-04-14,102.069999694824,103.199996948242,101.110000610352,102.51000213623,102.51000213623,51450500
2023-04-17,103.160003662109,103.730003356934,101.589996337891,102.73999786377,102.73999786377,39919500
2023-04-18,103.949996948242,104.199996948242,101.519996643066,102.300003051758,102.300003051758,39790500
2023-04-19,101.580001831055,105.120002746582,101.389999389648,104.300003051758,104.300003051758,58398900
2023-04-20,103.529998779297,105.25,103.209999084473,103.809997558594,103.809997558594,57696900
2023-04-21,106.099998474121,108.150001525879,105.080001831055,106.959999084473,106.959999084473,86774200
2023-04-24,107.660003662109,109.230003356934,105.069999694824,106.209999084473,106.209999084473,69575600
2023-04-25,104.910003662109,105.449996948242,102.449996948242,102.569999694824,102.569999694824,65026800
2023-04-26,105.040000915527,106.620002746582,104.099998474121,104.980003356934,104.980003356934,73803800
2023-04-27,108.160003662109,110.860000610352,106.800003051758,109.819999694824,109.819999694824,149961200
2023-04-28,107.730003356934,109.480003356934,104.330001831055,105.449996948242,105.449996948242,130715900
2023-05-01,104.949996948242,105.230003356934,101.819999694824,102.050003051758,102.050003051758,74728100
2023-05-02,101.470001220703,103.900001525879,101.150001525879,103.629997253418,103.629997253418,73469400
2023-05-03,103.73999786377,105.959999084473,103.279998779297,103.650001525879,103.650001525879,65051900
2023-05-04,104.040000915527,105.389999389648,103.309997558594,104,104,45345500
2023-05-05,104.269996643066,105.76000213623,103.550003051758,105.660003662109,105.660003662109,56951700
2023-05-08,105.040000915527,106.099998474121,104.699996948242,105.830001831055,105.830001831055,49430900
2023-05-09,105.480003356934,106.790000915527,105.160003662109,106.620002746582,106.620002746582,44089400
2023-05-10,108.099998474121,110.669998168945,108.050003051758,110.190002441406,110.190002441406,78627600
2023-05-11,111.029998779297,113.279998779297,110.48999786377,112.180000305176,112.180000305176,74924800
2023-05-12,112.160003662109,112.639999389648,109.319999694824,110.26000213623,110.26000213623,49852700
2023-05-15,111.150001525879,112.290000915527,109.25,111.199996948242,111.199996948242,53011100
2023-05-16,111.050003051758,114.790000915527,111.050003051758,113.400001525879,113.400001525879,71472900
2023-05-17,114.889999389648,115.830001831055,114.220001220703,115.5,115.5,65655200
2023-05-18,116.690002441406,118.599998474121,116.339996337891,118.150001525879,118.150001525879,73174100
2023-05-19,118.160003662109,118.309997558594,115.699996948242,116.25,116.25,55056300
2023-05-22,116.769996643066,116.769996643066,114.25,115.01000213623,115.01000213623,70741100
2023-05-23,114.269996643066,117.139999389648,113.779998779297,114.98999786377,114.98999786377,67576300
2023-05-24,115.349998474121,117.339996337891,115.019996643066,116.75,116.75,63487900
2023-05-25,116.629997253418,116.870002746582,114.309997558594,115,115,66496700
2023-05-26,116.040000915527,121.5,116.019996643066,120.110000610352,120.110000610352,96779900
2023-05-30,122.370002746582,122.919998168945,119.860000610352,121.660003662109,121.660003662109,64314800
2023-05-31,121.449996948242,122.040000915527,119.169998168945,120.580001831055,120.580001831055,72800800
2023-06-01,120.690002441406,123.48999786377,119.930000305176,122.769996643066,122.769996643066,54375100
2023-06-02,124.919998168945,126.389999389648,124.019996643066,124.25,124.25,61264400
2023-06-05,123.360000610352,125.800003051758,123.029998779297,125.300003051758,125.300003051758,47950100
2023-06-06,125.069999694824,127.400001525879,125,126.610000610352,126.610000610352,45695200
2023-06-07,127.01000213623,127.370002746582,120.629997253418,121.230003356934,121.230003356934,95663300
2023-06-08,123.01000213623,125.629997253418,122.26000213623,124.25,124.25,62159300
2023-06-09,124.080001831055,125.800003051758,123.190002441406,123.430000305176,123.430000305176,51396000
2023-06-12,124.019996643066,126.779998779297,123.529998779297,126.569999694824,126.569999694824,51338000
2023-06-13,128.119995117188,128.410003662109,125.180000305176,126.660003662109,126.660003662109,50564800
2023-06-14,126.699996948242,126.949996948242,124.120002746582,126.419998168945,126.419998168945,52422500
2023-06-15,125.209999084473,127.690002441406,124.319999694824,127.110000610352,127.110000610352,60458500
2023-06-16,127.709999084473,127.900001525879,125.300003051758,125.48999786377,125.48999786377,84247100
2023-06-20,124.970001220703,127.25,124.5,125.779998779297,125.779998779297,56930100
2023-06-21,125.639999389648,126.730003356934,123.849998474121,124.830001831055,124.830001831055,52137700
2023-06-22,125.309997558594,130.330001831055,125.139999389648,130.149993896484,130.149993896484,90354600
2023-06-23,129.110000610352,130.839996337891,128.279998779297,129.330001831055,129.330001831055,71927800
2023-06-26,129.330001831055,131.490005493164,127.099998474121,127.330001831055,127.330001831055,59989300
2023-06-27,128.630004882812,130.089996337891,127.550003051758,129.179992675781,129.179992675781,46801000
2023-06-28,128.940002441406,131.479995727539,128.440002441406,129.039993286133,129.039993286133,52149500
2023-06-29,128.770004272461,129.259994506836,127.26000213623,127.900001525879,127.900001525879,40761000
2023-06-30,129.470001220703,131.25,128.949996948242,130.360000610352,130.360000610352,54350700
2023-07-03,130.820007324219,131.850006103516,130.070007324219,130.220001220703,130.220001220703,28264800
2023-07-05,130.240005493164,131.399993896484,129.639999389648,130.380004882812,130.380004882812,35895400
2023-07-06,128.25,128.729995727539,127.370002746582,128.360000610352,128.360000610352,40639900
2023-07-07,128.589996337891,130.970001220703,128.130004882812,129.779998779297,129.779998779297,41992300
2023-07-10,129.070007324219,129.279998779297,125.919998168945,127.129997253418,127.129997253418,61889300
2023-07-11,127.75,129.770004272461,127.349998474121,128.779998779297,128.779998779297,49951500
2023-07-12,130.309997558594,131.259994506836,128.830001831055,130.800003051758,130.800003051758,54022800
2023-07-13,134.039993286133,134.669998168945,132.710006713867,134.300003051758,134.300003051758,61170900
2023-07-14,134.059997558594,136.649993896484,134.059997558594,134.679992675781,134.679992675781,54487100
2023-07-17,134.559997558594,135.619995117188,133.210006713867,133.559997558594,133.559997558594,48450200
2023-07-18,132.710006713867,133.860000610352,131.350006103516,132.830001831055,132.830001831055,54882900
2023-07-19,133.389999389648,135.990005493164,132.529998779297,135.360000610352,135.360000610352,54531000
2023-07-20,134.070007324219,134.789993286133,129.330001831055,129.960006713867,129.960006713867,59820600
2023-07-21,131.339996337891,131.369995117188,128.419998168945,130,130,133307300
2023-07-24,130.309997558594,131.660003662109,128.350006103516,128.800003051758,128.800003051758,45591100
2023-07-25,129.309997558594,129.580001831055,128.529998779297,129.130004882812,129.130004882812,39236700
2023-07-26,126.51000213623,129.080001831055,126.110000610352,128.149993896484,128.149993896484,53910100
2023-07-27,131,132.630004882812,127.790000915527,128.25,128.25,52610700
2023-07-28,129.690002441406,133.009994506836,129.330001831055,132.210006713867,132.210006713867,46317400
2023-07-31,133.199996948242,133.869995117188,132.380004882812,133.679992675781,133.679992675781,41901500
2023-08-01,133.550003051758,133.690002441406,131.619995117188,131.690002441406,131.690002441406,42098500
2023-08-02,130.149993896484,130.229995727539,126.819999694824,128.210006713867,128.210006713867,51027600
2023-08-03,127.480003356934,129.839996337891,126.410003662109,128.910003662109,128.910003662109,88585200
2023-08-04,141.059997558594,143.630004882812,139.320007324219,139.570007324219,139.570007324219,153128500
2023-08-07,140.990005493164,142.539993286133,138.949996948242,142.220001220703,142.220001220703,71213100
2023-08-08,140.619995117188,140.839996337891,138.419998168945,139.940002441406,139.940002441406,51710500
2023-08-09,139.970001220703,140.320007324219,137.100006103516,137.850006103516,137.850006103516,50017300
2023-08-10,139.070007324219,140.410003662109,137.490005493164,138.559997558594,138.559997558594,58928400
2023-08-11,137.399993896484,139.330001831055,137,138.410003662109,138.410003662109,42905800
2023-08-14,138.300003051758,140.589996337891,137.75,140.570007324219,140.570007324219,47148700
2023-08-15,140.050003051758,141.279998779297,137.229995727539,137.669998168945,137.669998168945,42781500
2023-08-16,137.190002441406,137.270004272461,135.009994506836,135.070007324219,135.070007324219,41675900
2023-08-17,135.460006713867,136.089996337891,133.529998779297,133.979995727539,133.979995727539,48354100
2023-08-18,131.619995117188,134.070007324219,131.149993896484,133.220001220703,133.220001220703,48497700
2023-08-21,133.740005493164,135.190002441406,132.710006713867,134.679992675781,134.679992675781,41442500
2023-08-22,135.080001831055,135.649993896484,133.729995727539,134.25,134.25,32905400
2023-08-23,134.5,135.949996948242,133.220001220703,135.520004272461,135.520004272461,42801000
2023-08-24,136.399993896484,136.779998779297,131.830001831055,131.839996337891,131.839996337891,43646300
2023-08-25,132.470001220703,133.869995117188,130.580001831055,133.259994506836,133.259994506836,44147500
2023-08-28,133.779998779297,133.949996948242,131.850006103516,133.139999389648,133.139999389648,34108400
2023-08-29,133.380004882812,135.139999389648,133.25,134.910003662109,134.910003662109,38646100
2023-08-30,134.929992675781,135.679992675781,133.919998168945,135.070007324219,135.070007324219,36137000
2023-08-31,135.059997558594,138.789993286133,135,138.009994506836,138.009994506836,58781300
2023-09-01,139.460006713867,139.960006713867,136.880004882812,138.119995117188,138.119995117188,40991500
2023-09-05,137.729995727539,137.800003051758,135.820007324219,137.270004272461,137.270004272461,40636700
2023-09-06,136.320007324219,137.449996948242,134.610000610352,135.360000610352,135.360000610352,41785500
2023-09-07,133.899993896484,138.029998779297,133.160003662109,137.850006103516,137.850006103516,48498900
2023-09-08,136.860000610352,138.850006103516,136.75,138.229995727539,138.229995727539,38348200
2023-09-11,138.75,143.619995117188,138.639999389648,143.100006103516,143.100006103516,56764500
2023-09-12,142.320007324219,143,140.610000610352,141.229995727539,141.229995727539,42668500
2023-09-13,140.949996948242,144.979995727539,140.869995117188,144.850006103516,144.850006103516,60465200
2023-09-14,145.080001831055,145.860000610352,142.949996948242,144.720001220703,144.720001220703,64033600
2023-09-15,142.690002441406,143.570007324219,140.089996337891,140.389999389648,140.389999389648,102909300
2023-09-18,140.479995727539,141.75,139.220001220703,139.979995727539,139.979995727539,42823500
2023-09-19,138.699996948242,138.839996337891,135.559997558594,137.630004882812,137.630004882812,61482500
2023-09-20,138.550003051758,139.369995117188,135.199996948242,135.289993286133,135.289993286133,46263700
2023-09-21,131.940002441406,132.240005493164,129.309997558594,129.330001831055,129.330001831055,70343300
2023-09-22,131.110000610352,132.029998779297,128.520004272461,129.119995117188,129.119995117188,59904300
2023-09-25,129.360000610352,131.779998779297,128.770004272461,131.270004272461,131.270004272461,46017800
2023-09-26,130.119995117188,130.389999389648,125.279998779297,125.980003356934,125.980003356934,73048200
2023-09-27,125.76000213623,127.480003356934,124.129997253418,125.980003356934,125.980003356934,66553400
2023-09-28,124.040000915527,126.580001831055,123.040000915527,125.980003356934,125.980003356934,54555000
2023-09-29,128.199996948242,129.149993896484,126.319999694824,127.120002746582,127.120002746582,62411700
2023-10-02,127.279998779297,130.470001220703,126.540000915527,129.460006713867,129.460006713867,48029700
2023-10-03,128.059997558594,128.520004272461,124.25,124.720001220703,124.720001220703,51565000
2023-10-04,126.059997558594,127.360000610352,125.680000305176,127,127,44203900
2023-10-05,126.709999084473,126.730003356934,124.330001831055,125.959999084473,125.959999084473,39660600
2023-10-06,124.160003662109,128.449996948242,124.129997253418,127.959999084473,127.959999084473,46836700
2023-10-09,126.220001220703,128.789993286133,124.76000213623,128.259994506836,128.259994506836,38773700
2023-10-10,128.820007324219,130.740005493164,128.050003051758,129.479995727539,129.479995727539,42178600
2023-10-11,129.740005493164,132.050003051758,129.610000610352,131.830001831055,131.830001831055,40741800
2023-10-12,132.169998168945,134.479995727539,131.229995727539,132.330001831055,132.330001831055,55528600
2023-10-13,132.979995727539,133.309997558594,128.949996948242,129.789993286133,129.789993286133,45786600
2023-10-16,130.690002441406,133.070007324219,130.429992675781,132.550003051758,132.550003051758,42832900
2023-10-17,130.389999389648,132.580001831055,128.710006713867,131.470001220703,131.470001220703,49344600
2023-10-18,129.899993896484,130.669998168945,127.51000213623,128.130004882812,128.130004882812,42699500
2023-10-19,130.570007324219,132.240005493164,127.470001220703,128.399993896484,128.399993896484,60961400
2023-10-20,128.050003051758,128.169998168945,124.970001220703,125.169998168945,125.169998168945,56406400
2023-10-23,124.629997253418,127.879997253418,123.980003356934,126.559997558594,126.559997558594,48260000
2023-10-24,127.73999786377,128.800003051758,126.339996337891,128.559997558594,128.559997558594,46477400
2023-10-25,126.040000915527,126.339996337891,120.790000915527,121.389999389648,121.389999389648,74577500
2023-10-26,120.629997253418,121.639999389648,118.349998474121,119.569999694824,119.569999694824,100419500
2023-10-27,126.199996948242,130.020004272461,125.519996643066,127.73999786377,127.73999786377,125309300
2023-10-30,129.720001220703,133,128.559997558594,132.710006713867,132.710006713867,72485500
2023-10-31,132.75,133.570007324219,131.710006713867,133.089996337891,133.089996337891,51589400
2023-11-01,133.960006713867,137.350006103516,133.710006713867,137,137,61529400
2023-11-02,138.729995727539,138.809997558594,136.470001220703,138.070007324219,138.070007324219,52236700
2023-11-03,138.990005493164,139.490005493164,137.449996948242,138.600006103516,138.600006103516,44059800
2023-11-06,138.759994506836,140.729995727539,138.360000610352,139.740005493164,139.740005493164,44970400
2023-11-07,140.550003051758,143.369995117188,140.5,142.710006713867,142.710006713867,53553500
2023-11-08,142.970001220703,143.119995117188,141.220001220703,142.080001831055,142.080001831055,44521700
2023-11-09,142.020004272461,142.649993896484,139.839996337891,140.600006103516,140.600006103516,36235400
2023-11-10,140.460006713867,143.649993896484,139.910003662109,143.559997558594,143.559997558594,49287800
2023-11-13,142.080001831055,143.229995727539,140.669998168945,142.589996337891,142.589996337891,35680600
2023-11-14,145,147.259994506836,144.679992675781,145.800003051758,145.800003051758,56674600
2023-11-15,147.059997558594,147.289993286133,142.589996337891,143.199996948242,143.199996948242,63875700
2023-11-16,140.910003662109,143.320007324219,139.520004272461,142.830001831055,142.830001831055,49653500
2023-11-17,142.660003662109,145.229995727539,142.539993286133,145.179992675781,145.179992675781,49636700
2023-11-20,145.130004882812,146.630004882812,144.729995727539,146.130004882812,146.130004882812,41951200
2023-11-21,143.910003662109,144.050003051758,141.5,143.899993896484,143.899993896484,71226000
2023-11-22,144.570007324219,147.740005493164,144.570007324219,146.710006713867,146.710006713867,45669100
2023-11-24,146.699996948242,147.199996948242,145.320007324219,146.740005493164,146.740005493164,22378400
2023-11-27,147.529998779297,149.259994506836,146.880004882812,147.729995727539,147.729995727539,53762400
2023-11-28,146.979995727539,147.600006103516,145.529998779297,147.029998779297,147.029998779297,42711700
2023-11-29,147.850006103516,148.539993286133,145.970001220703,146.320007324219,146.320007324219,40610900
2023-11-30,144.759994506836,146.929992675781,144.330001831055,146.089996337891,146.089996337891,65814000
2023-12-01,146,147.25,145.550003051758,147.029998779297,147.029998779297,39951800
2023-12-04,145.25,145.350006103516,142.809997558594,144.839996337891,144.839996337891,48294200
2023-12-05,143.550003051758,148.570007324219,143.130004882812,146.880004882812,146.880004882812,46822400
2023-12-06,147.580001831055,147.850006103516,144.279998779297,144.520004272461,144.520004272461,39679000
2023-12-07,146.149993896484,147.919998168945,145.339996337891,146.880004882812,146.880004882812,52352800
2023-12-08,145.479995727539,147.839996337891,145.399993896484,147.419998168945,147.419998168945,41906000
2023-12-11,145.660003662109,146.190002441406,143.639999389648,145.889999389648,145.889999389648,50907300
2023-12-12,145.520004272461,147.5,145.300003051758,147.479995727539,147.479995727539,44944300
2023-12-13,148.119995117188,149.460006713867,146.820007324219,148.839996337891,148.839996337891,52766200
2023-12-14,149.929992675781,150.539993286133,145.520004272461,147.419998168945,147.419998168945,58400800
2023-12-15,148.380004882812,150.570007324219,147.880004882812,149.970001220703,149.970001220703,110089300
2023-12-18,150.559997558594,154.850006103516,150.050003051758,154.070007324219,154.070007324219,62512800
2023-12-19,154.399993896484,155.119995117188,152.690002441406,153.789993286133,153.789993286133,43171300
2023-12-20,152.899993896484,155.630004882812,151.559997558594,152.119995117188,152.119995117188,50322100
2023-12-21,153.300003051758,153.970001220703,152.100006103516,153.839996337891,153.839996337891,36305700
2023-12-22,153.770004272461,154.350006103516,152.710006713867,153.419998168945,153.419998168945,29514100
2023-12-26,153.559997558594,153.979995727539,153.029998779297,153.410003662109,153.410003662109,25067200
2023-12-27,153.559997558594,154.779998779297,153.119995117188,153.339996337891,153.339996337891,31434700
2023-12-28,153.720001220703,154.080001831055,152.949996948242,153.380004882812,153.380004882812,27057000
2023-12-29,153.100006103516,153.889999389648,151.029998779297,151.940002441406,151.940002441406,39823200
2024-01-02,151.539993286133,152.380004882812,148.389999389648,149.929992675781,149.929992675781,47339400
2024-01-03,149.199996948242,151.050003051758,148.330001831055,148.470001220703,148.470001220703,49425500
2024-01-04,145.589996337891,147.380004882812,144.050003051758,144.570007324219,144.570007324219,56039800
2024-01-05,144.690002441406,146.589996337891,144.529998779297,145.240005493164,145.240005493164,45153100
2024-01-08,146.740005493164,149.399993896484,146.149993896484,149.100006103516,149.100006103516,46757100
2024-01-09,148.330001831055,151.710006713867,148.210006713867,151.369995117188,151.369995117188,43812600
2024-01-10,152.059997558594,154.419998168945,151.880004882812,153.729995727539,153.729995727539,44421800
2024-01-11,155.039993286133,157.169998168945,153.119995117188,155.179992675781,155.179992675781,49072700
2024-01-12,155.389999389648,156.199996948242,154.009994506836,154.619995117188,154.619995117188,40484200
2024-01-16,153.529998779297,154.990005493164,152.149993896484,153.160003662109,153.160003662109,41384600
2024-01-17,151.490005493164,152.149993896484,149.910003662109,151.710006713867,151.710006713867,34953400
2024-01-18,152.770004272461,153.779998779297,151.820007324219,153.5,153.5,37850200
2024-01-19,153.830001831055,155.759994506836,152.740005493164,155.339996337891,155.339996337891,51651600
2024-01-22,156.889999389648,157.050003051758,153.899993896484,154.779998779297,154.779998779297,43687500
2024-01-23,154.850006103516,156.210006713867,153.929992675781,156.020004272461,156.020004272461,37986000
2024-01-24,157.800003051758,158.509994506836,156.479995727539,156.869995117188,156.869995117188,48547300
2024-01-25,156.949996948242,158.509994506836,154.550003051758,157.75,157.75,43638600
2024-01-26,158.419998168945,160.720001220703,157.910003662109,159.119995117188,159.119995117188,51047400
2024-01-29,159.339996337891,161.289993286133,158.899993896484,161.259994506836,161.259994506836,45270400
2024-01-30,160.699996948242,161.729995727539,158.490005493164,159,159,45207400
2024-01-31,157,159.009994506836,154.809997558594,155.199996948242,155.199996948242,50284400
2024-02-01,155.869995117188,159.759994506836,155.619995117188,159.279998779297,159.279998779297,76542400
2024-02-02,169.190002441406,172.5,167.330001831055,171.809997558594,171.809997558594,117218300
2024-02-05,170.199996948242,170.550003051758,167.699996948242,170.309997558594,170.309997558594,55081300
2024-02-06,169.389999389648,170.710006713867,167.649993896484,169.149993896484,169.149993896484,42505500
2024-02-07,169.479995727539,170.880004882812,168.940002441406,170.529998779297,170.529998779297,47174100
2024-02-08,169.649993896484,171.429992675781,168.880004882812,169.839996337891,169.839996337891,42316500
2024-02-09,170.899993896484,175,170.580001831055,174.449996948242,174.449996948242,56986000
2024-02-12,174.800003051758,175.389999389648,171.539993286133,172.339996337891,172.339996337891,51050400
2024-02-13,167.729995727539,170.949996948242,165.75,168.639999389648,168.639999389648,56345100
2024-02-14,169.210006713867,171.210006713867,168.279998779297,170.979995727539,170.979995727539,42815500
2024-02-15,170.580001831055,171.169998168945,167.589996337891,169.800003051758,169.800003051758,49855200
2024-02-16,168.740005493164,170.419998168945,167.169998168945,169.509994506836,169.509994506836,48107700
2024-02-20,167.830001831055,168.710006713867,165.740005493164,167.080001831055,167.080001831055,41980300
2024-02-21,168.940002441406,170.229995727539,167.139999389648,168.589996337891,168.589996337891,44420100
2024-02-22,173.100006103516,174.800003051758,171.770004272461,174.580001831055,174.580001831055,55392400
2024-02-23,174.279998779297,175.75,173.699996948242,174.990005493164,174.990005493164,59715200
2024-02-26,175.699996948242,176.369995117188,174.259994506836,174.729995727539,174.729995727539,44368600
2024-02-27,174.080001831055,174.619995117188,172.860000610352,173.539993286133,173.539993286133,31141700
2024-02-28,172.440002441406,174.050003051758,172.270004272461,173.160003662109,173.160003662109,28180500
2024-02-29,173.009994506836,177.220001220703,172.850006103516,176.759994506836,176.759994506836,53805400
2024-03-01,176.75,178.729995727539,176.070007324219,178.220001220703,178.220001220703,31981200
2024-03-04,177.529998779297,180.139999389648,177.490005493164,177.580001831055,177.580001831055,37381500
2024-03-05,176.929992675781,176.929992675781,173.300003051758,174.119995117188,174.119995117188,37228300
2024-03-06,175.539993286133,176.460006713867,173.259994506836,173.509994506836,173.509994506836,32090900
2024-03-07,174.830001831055,177.990005493164,173.720001220703,176.820007324219,176.820007324219,34063300
2024-03-08,176.440002441406,178.789993286133,174.330001831055,175.350006103516,175.350006103516,37893200
2024-03-11,174.309997558594,174.470001220703,171.470001220703,171.960006713867,171.960006713867,28484800
2024-03-12,173.5,176.759994506836,171.979995727539,175.389999389648,175.389999389648,36610600
2024-03-13,175.899993896484,177.619995117188,175.550003051758,176.559997558594,176.559997558594,30772600
2024-03-14,177.690002441406,179.529998779297,176.470001220703,178.75,178.75,43705800
2024-03-15,176.639999389648,177.929992675781,173.899993896484,174.419998168945,174.419998168945,72147400
2024-03-18,175.800003051758,176.690002441406,174.279998779297,174.479995727539,174.479995727539,31250700
2024-03-19,174.220001220703,176.089996337891,173.520004272461,175.899993896484,175.899993896484,26880900
2024-03-20,176.139999389648,178.529998779297,174.639999389648,178.149993896484,178.149993896484,29947200
2024-03-21,179.990005493164,181.419998168945,178.149993896484,178.149993896484,178.149993896484,32824300
2024-03-22,177.75,179.259994506836,176.75,178.869995117188,178.869995117188,27995400
2024-03-25,178.009994506836,180.990005493164,177.240005493164,179.710006713867,179.710006713867,29815500
2024-03-26,180.149993896484,180.449996948242,177.949996948242,178.300003051758,178.300003051758,29659000
2024-03-27,179.880004882812,180,177.309997558594,179.830001831055,179.830001831055,33272600
2024-03-28,180.169998168945,181.699996948242,179.259994506836,180.380004882812,180.380004882812,38051600
2024-04-01,180.789993286133,183,179.949996948242,180.970001220703,180.970001220703,29174500
2024-04-02,179.070007324219,180.789993286133,178.380004882812,180.690002441406,180.690002441406,32611500
2024-04-03,179.899993896484,182.869995117188,179.800003051758,182.410003662109,182.410003662109,31046600
2024-04-04,184,185.100006103516,180,180,180,41624300
2024-04-05,182.380004882812,186.270004272461,181.970001220703,185.070007324219,185.070007324219,42374000
2024-04-08,186.899993896484,187.289993286133,184.809997558594,185.190002441406,185.190002441406,39221300
2024-04-09,187.240005493164,187.339996337891,184.199996948242,185.669998168945,185.669998168945,36520100
2024-04-10,182.770004272461,186.270004272461,182.669998168945,185.949996948242,185.949996948242,35879200
2024-04-11,186.740005493164,189.770004272461,185.509994506836,189.050003051758,189.050003051758,40020700
2024-04-12,187.720001220703,188.380004882812,185.080001831055,186.130004882812,186.130004882812,38608800
2024-04-15,187.429992675781,188.690002441406,183,183.619995117188,183.619995117188,48052400
2024-04-16,183.270004272461,184.830001831055,182.259994506836,183.320007324219,183.320007324219,32891300
2024-04-17,184.309997558594,184.570007324219,179.820007324219,181.279998779297,181.279998779297,31359700
2024-04-18,181.470001220703,182.389999389648,178.649993896484,179.220001220703,179.220001220703,30723800
2024-04-19,178.740005493164,179,173.440002441406,174.630004882812,174.630004882812,56000700
2024-04-22,176.940002441406,178.869995117188,174.559997558594,177.229995727539,177.229995727539,37924900
2024-04-23,178.080001831055,179.929992675781,175.979995727539,179.539993286133,179.539993286133,37046500
2024-04-24,179.940002441406,180.320007324219,176.179992675781,176.589996337891,176.589996337891,34185100
2024-04-25,169.679992675781,173.919998168945,166.320007324219,173.669998168945,173.669998168945,49249400
2024-04-26,177.800003051758,180.820007324219,176.130004882812,179.619995117188,179.619995117188,43919800
2024-04-29,182.75,183.529998779297,179.389999389648,180.960006713867,180.960006713867,54063900
2024-04-30,181.089996337891,182.990005493164,174.800003051758,175,175,94639800
2024-05-01,181.639999389648,185.149993896484,176.559997558594,179,179,94645100
2024-05-02,180.850006103516,185.100006103516,179.910003662109,184.720001220703,184.720001220703,54303500
2024-05-03,186.990005493164,187.869995117188,185.419998168945,186.210006713867,186.210006713867,39172000
2024-05-06,186.279998779297,188.75,184.800003051758,188.699996948242,188.699996948242,34725300
2024-05-07,188.919998168945,189.940002441406,187.309997558594,188.759994506836,188.759994506836,34048900
2024-05-08,187.440002441406,188.429992675781,186.389999389648,188,188,26136400
2024-05-09,188.880004882812,191.699996948242,187.440002441406,189.5,189.5,43368400
2024-05-10,189.160003662109,189.889999389648,186.929992675781,187.479995727539,187.479995727539,34141800
2024-05-13,188,188.309997558594,185.360000610352,186.570007324219,186.570007324219,24898600
2024-05-14,183.820007324219,187.720001220703,183.449996948242,187.070007324219,187.070007324219,38698200
2024-05-15,185.970001220703,186.720001220703,182.729995727539,185.990005493164,185.990005493164,75459900
2024-05-16,185.600006103516,187.309997558594,183.460006713867,183.630004882812,183.630004882812,38834500
2024-05-17,183.759994506836,185.300003051758,183.350006103516,184.699996948242,184.699996948242,33175700
2024-05-20,184.339996337891,186.669998168945,183.279998779297,183.539993286133,183.539993286133,30511800
2024-05-21,182.300003051758,183.259994506836,180.75,183.149993896484,183.149993896484,50839100
2024-05-22,183.880004882812,185.220001220703,181.970001220703,183.130004882812,183.130004882812,28148800
2024-05-23,183.660003662109,184.759994506836,180.080001831055,181.050003051758,181.050003051758,33670200
2024-05-24,181.649993896484,182.440002441406,180.300003051758,180.75,180.75,27471600
2024-05-28,179.929992675781,182.240005493164,179.490005493164,182.149993896484,182.149993896484,29927000
2024-05-29,181.699996948242,184.080001831055,181.550003051758,182.020004272461,182.020004272461,32009300
2024-05-30,181.309997558594,181.339996337891,178.360000610352,179.320007324219,179.320007324219,29184700
2024-05-31,178.300003051758,179.210006713867,173.869995117188,176.440002441406,176.440002441406,58903900
2024-06-03,177.699996948242,178.699996948242,175.919998168945,178.339996337891,178.339996337891,30786600
2024-06-04,177.639999389648,179.820007324219,176.440002441406,179.339996337891,179.339996337891,27198400
2024-06-05,180.100006103516,181.5,178.75,181.279998779297,181.279998779297,32116400
2024-06-06,181.75,185,181.490005493164,185,185,31371200
2024-06-07,184.899993896484,186.289993286133,183.360000610352,184.300003051758,184.300003051758,28021500
2024-06-10,184.070007324219,187.229995727539,183.789993286133,187.059997558594,187.059997558594,34445600
2024-06-11,187.059997558594,187.770004272461,184.539993286133,187.229995727539,187.229995727539,27265100
2024-06-12,188.020004272461,188.350006103516,185.429992675781,186.889999389648,186.889999389648,33984200
2024-06-13,186.089996337891,187.669998168945,182.669998168945,183.830001831055,183.830001831055,39721500
2024-06-14,183.080001831055,183.720001220703,182.229995727539,183.660003662109,183.660003662109,25456400
2024-06-17,182.520004272461,185,181.220001220703,184.059997558594,184.059997558594,35601900
2024-06-18,183.740005493164,184.289993286133,181.429992675781,182.809997558594,182.809997558594,36659200
2024-06-20,182.910003662109,186.509994506836,182.720001220703,186.100006103516,186.100006103516,44726800
2024-06-21,187.800003051758,189.279998779297,185.860000610352,189.080001831055,189.080001831055,70792500
2024-06-24,189.330001831055,191,185.330001831055,185.570007324219,185.570007324219,50610400
2024-06-25,186.809997558594,188.839996337891,185.419998168945,186.339996337891,186.339996337891,45366400
2024-06-26,186.919998168945,194.800003051758,186.259994506836,193.610000610352,193.610000610352,65103900
2024-06-27,195.009994506836,199.839996337891,194.199996948242,197.850006103516,197.850006103516,74397500
2024-06-28,197.729995727539,198.850006103516,192.5,193.25,193.25,76930200
2024-07-01,193.490005493164,198.300003051758,192.820007324219,197.199996948242,197.199996948242,41192000
2024-07-02,197.279998779297,200.429992675781,195.929992675781,200,200,45600000
2024-07-03,199.940002441406,200.029998779297,196.759994506836,197.589996337891,197.589996337891,31597900
2024-07-05,198.649993896484,200.550003051758,198.169998168945,200,200,39858900
2024-07-08,200.039993286133,201.199996948242,197.960006713867,199.289993286133,199.289993286133,34767300
2024-07-09,199.399993896484,200.570007324219,199.050003051758,199.339996337891,199.339996337891,32700100
2024-07-10,200,200.110000610352,197.690002441406,199.789993286133,199.789993286133,32883800
2024-07-11,200.089996337891,200.270004272461,192.860000610352,195.050003051758,195.050003051758,44565000
2024-07-12,194.800003051758,196.470001220703,193.830001831055,194.490005493164,194.490005493164,30598500
2024-07-15,194.559997558594,196.190002441406,190.830001831055,192.720001220703,192.720001220703,40683200
2024-07-16,195.589996337891,196.619995117188,192.240005493164,193.020004272461,193.020004272461,33994700
2024-07-17,191.350006103516,191.580001831055,185.990005493164,187.929992675781,187.929992675781,48076100
2024-07-18,189.589996337891,189.679992675781,181.449996948242,183.75,183.75,51043600
2024-07-19,181.139999389648,184.929992675781,180.110000610352,183.130004882812,183.130004882812,43081800
2024-07-22,185,185.059997558594,182.479995727539,182.550003051758,182.550003051758,39931900
2024-07-23,184.100006103516,189.389999389648,183.559997558594,186.410003662109,186.410003662109,47537700
2024-07-24,183.199996948242,185.449996948242,180.410003662109,180.830001831055,180.830001831055,41532400
2024-07-25,182.910003662109,183.899993896484,176.800003051758,179.850006103516,179.850006103516,44464200
2024-07-26,180.389999389648,183.190002441406,180.240005493164,182.5,182.5,29506000
2024-07-29,183.839996337891,184.75,182.380004882812,183.199996948242,183.199996948242,33270100
2024-07-30,184.720001220703,185.860000610352,179.380004882812,181.710006713867,181.710006713867,39508600
2024-07-31,185.050003051758,187.940002441406,184.460006713867,186.979995727539,186.979995727539,41667300
2024-08-01,189.289993286133,190.600006103516,181.869995117188,184.070007324219,184.070007324219,70435600
2024-08-02,166.75,168.770004272461,160.550003051758,167.899993896484,167.899993896484,141448400
2024-08-05,154.210006713867,162.960006713867,151.610000610352,161.020004272461,161.020004272461,83149400
2024-08-06,161.710006713867,165.080001831055,158.539993286133,161.929992675781,161.929992675781,59950800
2024-08-07,166.550003051758,167.580001831055,161.429992675781,162.770004272461,162.770004272461,48408200
2024-08-08,165.169998168945,166.690002441406,162.550003051758,165.800003051758,165.800003051758,44616200
2024-08-09,166.399993896484,168.550003051758,165.850006103516,166.940002441406,166.940002441406,36401000
2024-08-12,168.139999389648,168.550003051758,166.110000610352,166.800003051758,166.800003051758,30072800
2024-08-13,167.809997558594,171.039993286133,167.100006103516,170.229995727539,170.229995727539,39237900
2024-08-14,172.110000610352,172.279998779297,168.860000610352,170.100006103516,170.100006103516,28843800
2024-08-15,174.860000610352,177.910003662109,173.990005493164,177.589996337891,177.589996337891,51698500
2024-08-16,177.039993286133,178.339996337891,176.259994506836,177.059997558594,177.059997558594,31489200
2024-08-19,177.639999389648,178.300003051758,176.160003662109,178.220001220703,178.220001220703,31129800
2024-08-20,177.919998168945,179.009994506836,177.429992675781,178.880004882812,178.880004882812,26255200
2024-08-21,179.919998168945,182.389999389648,178.889999389648,180.110000610352,180.110000610352,35599100
2024-08-22,181.380004882812,181.470001220703,175.679992675781,176.130004882812,176.130004882812,32047500
2024-08-23,177.339996337891,178.970001220703,175.240005493164,177.039993286133,177.039993286133,29150100
2024-08-26,176.699996948242,177.470001220703,174.300003051758,175.5,175.5,22366200
2024-08-27,174.149993896484,174.889999389648,172.25,173.119995117188,173.119995117188,29842000
2024-08-28,173.690002441406,173.690002441406,168.919998168945,170.800003051758,170.800003051758,29045000
2024-08-29,173.220001220703,174.289993286133,170.809997558594,172.119995117188,172.119995117188,26407800
2024-08-30,172.779998779297,178.899993896484,172.600006103516,178.5,178.5,43429400
2024-09-03,177.550003051758,178.259994506836,175.259994506836,176.25,176.25,37817500
2024-09-04,174.479995727539,175.979995727539,172.539993286133,173.330001831055,173.330001831055,30309200
2024-09-05,175,179.880004882812,175,177.889999389648,177.889999389648,40170500
2024-09-06,177.240005493164,178.380004882812,171.160003662109,171.389999389648,171.389999389648,41466500
2024-09-09,174.529998779297,175.850006103516,173.509994506836,175.399993896484,175.399993896484,29037400
2024-09-10,177.490005493164,180.5,176.789993286133,179.550003051758,179.550003051758,36233800
2024-09-11,180.100006103516,184.990005493164,175.729995727539,184.520004272461,184.520004272461,42564700
2024-09-12,184.800003051758,187.410003662109,183.539993286133,187,187,33544200
2024-09-13,187,188.5,185.910003662109,186.490005493164,186.490005493164,26495400
2024-09-16,185.289993286133,185.809997558594,183.360000610352,184.889999389648,184.889999389648,26065500
2024-09-17,186.850006103516,189.449996948242,186.139999389648,186.880004882812,186.880004882812,26091700
2024-09-18,186.449996948242,188.800003051758,185.059997558594,186.429992675781,186.429992675781,34448100
2024-09-19,190.039993286133,190.990005493164,188.470001220703,189.869995117188,189.869995117188,39543200
2024-09-20,190.229995727539,191.839996337891,187.410003662109,191.600006103516,191.600006103516,100378600
2024-09-23,191.639999389648,194.449996948242,190.570007324219,193.880004882812,193.880004882812,36993100
2024-09-24,194.270004272461,195.369995117188,190.130004882812,193.960006713867,193.960006713867,43478900
2024-09-25,193.75,193.949996948242,192.160003662109,192.529998779297,192.529998779297,26391100
2024-09-26,194.309997558594,194.529998779297,189.539993286133,191.160003662109,191.160003662109,36334900
2024-09-27,190.679992675781,190.899993896484,187.339996337891,187.970001220703,187.970001220703,36002300
2024-09-30,187.139999389648,188.490005493164,184.649993896484,186.330001831055,186.330001831055,41583900
2024-10-01,184.899993896484,186.190002441406,183.449996948242,185.130004882812,185.130004882812,36044900
2024-10-02,184.440002441406,186.600006103516,184.039993286133,184.759994506836,184.759994506836,23704100
2024-10-03,183.050003051758,183.440002441406,180.880004882812,181.960006713867,181.960006713867,30204300
2024-10-04,185.75,187.600006103516,183.600006103516,186.509994506836,186.509994506836,40890300
2024-10-07,182.949996948242,183.600006103516,180.25,180.800003051758,180.800003051758,42364200
2024-10-08,181.919998168945,183.089996337891,180.919998168945,182.720001220703,182.720001220703,26372100
2024-10-09,182.820007324219,185.850006103516,182.050003051758,185.169998168945,185.169998168945,26343100
2024-10-10,187.130004882812,188.130004882812,185.830001831055,186.649993896484,186.649993896484,27785000
2024-10-11,186.630004882812,189.929992675781,186.300003051758,188.820007324219,188.820007324219,25751600
2024-10-14,189.779998779297,189.830001831055,187.360000610352,187.539993286133,187.539993286133,22614400
2024-10-15,187.630004882812,188.410003662109,184.580001831055,187.690002441406,187.690002441406,32178900
2024-10-16,187.050003051758,187.779998779297,185.610000610352,186.889999389648,186.889999389648,23456800
2024-10-17,188.220001220703,188.940002441406,186,187.529998779297,187.529998779297,25039400
2024-10-18,187.149993896484,190.740005493164,186.279998779297,188.990005493164,188.990005493164,37417700
2024-10-21,188.050003051758,189.460006713867,186.399993896484,189.070007324219,189.070007324219,24639400
2024-10-22,188.350006103516,191.520004272461,186.979995727539,189.699996948242,189.699996948242,29650600
2024-10-23,188.850006103516,189.160003662109,183.690002441406,184.710006713867,184.710006713867,31937100
2024-10-24,185.25,187.110000610352,183.860000610352,186.380004882812,186.380004882812,21647400
2024-10-25,187.850006103516,190.449996948242,187.529998779297,187.830001831055,187.830001831055,29362100
2024-10-28,189.570007324219,190.210006713867,188.210006713867,188.389999389648,188.389999389648,27930800
2024-10-29,188.580001831055,191.460006713867,187.820007324219,190.830001831055,190.830001831055,35690200
2024-10-30,194.699996948242,195.610000610352,192.419998168945,192.729995727539,192.729995727539,37707600
2024-10-31,190.509994506836,190.600006103516,185.229995727539,186.399993896484,186.399993896484,75146800
2024-11-01,199,200.5,197.020004272461,197.929992675781,197.929992675781,99687800
2024-11-04,196.449996948242,197.330001831055,194.309997558594,195.779998779297,195.779998779297,38492100
2024-11-05,196.039993286133,199.820007324219,195.990005493164,199.5,199.5,30564800
2024-11-06,200.009994506836,207.550003051758,199.139999389648,207.089996337891,207.089996337891,72292200
2024-11-07,207.440002441406,212.25,207.190002441406,210.050003051758,210.050003051758,52878400
2024-11-08,209.720001220703,209.960006713867,207.440002441406,208.179992675781,208.179992675781,36075800
2024-11-11,208.5,209.649993896484,205.589996337891,206.839996337891,206.839996337891,35456000
2024-11-12,208.369995117188,209.539993286133,206.009994506836,208.910003662109,208.910003662109,38942900
2024-11-13,209.399993896484,215.089996337891,209.139999389648,214.100006103516,214.100006103516,46212900
2024-11-14,214.160003662109,215.899993896484,210.880004882812,211.479995727539,211.479995727539,42620300
2024-11-15,206.759994506836,207.339996337891,199.610000610352,202.610000610352,202.610000610352,86591100
2024-11-18,204.149993896484,204.669998168945,200.949996948242,201.699996948242,201.699996948242,36409900
2024-11-19,199.330001831055,205.300003051758,198.779998779297,204.610000610352,204.610000610352,31197900
2024-11-20,202.979995727539,203.130004882812,199.449996948242,202.880004882812,202.880004882812,32769000
2024-11-21,203.490005493164,203.490005493164,195.75,198.380004882812,198.380004882812,58800000
2024-11-22,198.25,199.259994506836,196.75,197.119995117188,197.119995117188,31530800
2024-11-25,199.279998779297,201.949996948242,199,201.449996948242,201.449996948242,40685700
2024-11-26,201.899993896484,208,201.789993286133,207.860000610352,207.860000610352,41673700
2024-11-27,206.979995727539,207.639999389648,205.050003051758,205.740005493164,205.740005493164,28061600
2024-11-29,205.830001831055,208.199996948242,204.589996337891,207.889999389648,207.889999389648,24892400
2024-12-02,209.960006713867,212.990005493164,209.509994506836,210.710006713867,210.710006713867,39523200
2024-12-03,210.309997558594,214.020004272461,209.649993896484,213.440002441406,213.440002441406,32214800
2024-12-04,215.960006713867,220,215.75,218.160003662109,218.160003662109,48745700
2024-12-05,218.029998779297,222.149993896484,217.300003051758,220.550003051758,220.550003051758,41140200
2024-12-06,220.75,227.149993896484,220.600006103516,227.029998779297,227.029998779297,44178100
2024-12-09,227.210006713867,230.080001831055,225.669998168945,226.089996337891,226.089996337891,46819400
2024-12-10,226.089996337891,229.059997558594,224.199996948242,225.039993286133,225.039993286133,31199900
2024-12-11,226.410003662109,231.199996948242,226.259994506836,230.259994506836,230.259994506836,35385800
2024-12-12,229.830001831055,231.089996337891,227.630004882812,228.970001220703,228.970001220703,28204100
2024-12-13,228.399993896484,230.199996948242,225.860000610352,227.460006713867,227.460006713867,28768100
2024-12-16,230.229995727539,233,228.009994506836,232.929992675781,232.929992675781,37552100
2024-12-17,232.389999389648,232.729995727539,227.850006103516,231.149993896484,231.149993896484,35948100
2024-12-18,230.770004272461,231.399993896484,220.110000610352,220.520004272461,220.520004272461,43281400
2024-12-19,224.910003662109,226.089996337891,222.919998168945,223.289993286133,223.289993286133,39918700
2024-12-20,219.839996337891,226.210006713867,218.729995727539,224.919998168945,224.919998168945,88279200
2024-12-23,225.009994506836,226.880004882812,223.899993896484,225.059997558594,225.059997558594,28070000
2024-12-24,226.940002441406,229.139999389648,226.130004882812,229.050003051758,229.050003051758,15007500
2024-12-26,228.5,228.5,226.669998168945,227.050003051758,227.050003051758,16146700
2024-12-27,225.600006103516,226.029998779297,220.899993896484,223.75,223.75,27367100
2024-12-30,220.059997558594,223,218.429992675781,221.300003051758,221.300003051758,28321200
2024-12-31,222.970001220703,223.229995727539,218.940002441406,219.389999389648,219.389999389648,24819700
2025-01-02,222.029998779297,225.149993896484,218.190002441406,220.220001220703,220.220001220703,33956600
2025-01-03,222.509994506836,225.360000610352,221.619995117188,224.190002441406,224.190002441406,27515600
2025-01-06,226.779998779297,228.839996337891,224.839996337891,227.610000610352,227.610000610352,31849800
2025-01-07,227.899993896484,228.380004882812,221.460006713867,222.110000610352,222.110000610352,28084200
2025-01-08,223.190002441406,223.520004272461,220.199996948242,222.130004882812,222.130004882812,25033300
2025-01-10,221.460006713867,221.710006713867,216.5,218.940002441406,218.940002441406,36811500
2025-01-13,218.059997558594,219.399993896484,216.470001220703,218.460006713867,218.460006713867,27262700
2025-01-14,220.440002441406,221.820007324219,216.199996948242,217.759994506836,217.759994506836,24711700
2025-01-15,222.830001831055,223.570007324219,220.75,223.350006103516,223.350006103516,31291300
2025-01-16,224.419998168945,224.649993896484,220.309997558594,220.660003662109,220.660003662109,24757300
2025-01-17,225.839996337891,226.509994506836,223.080001831055,225.940002441406,225.940002441406,42370100
2025-01-21,228.899993896484,231.779998779297,226.940002441406,230.710006713867,230.710006713867,39951500
2025-01-22,232.020004272461,235.440002441406,231.190002441406,235.009994506836,235.009994506836,41448200
2025-01-23,234.100006103516,235.520004272461,231.509994506836,235.419998168945,235.419998168945,26404400
2025-01-24,234.5,236.399993896484,232.929992675781,234.850006103516,234.850006103516,25890700
2025-01-27,226.210006713867,235.610000610352,225.860000610352,235.419998168945,235.419998168945,49428300
2025-01-28,234.289993286133,241.770004272461,233.979995727539,238.149993896484,238.149993896484,41587200
2025-01-29,239.020004272461,240.389999389648,236.149993896484,237.070007324219,237.070007324219,26091700
2025-01-30,237.139999389648,237.949996948242,232.220001220703,234.639999389648,234.639999389648,32020700
2025-01-31,236.5,240.289993286133,236.410003662109,237.679992675781,237.679992675781,36110200
2025-02-03,234.059997558594,239.25,232.899993896484,237.419998168945,237.419998168945,37285900
2025-02-04,239.009994506836,242.520004272461,238.029998779297,242.059997558594,242.059997558594,29713800
2025-02-05,237.020004272461,238.320007324219,235.199996948242,236.169998168945,236.169998168945,38727300
2025-02-06,238.009994506836,239.660003662109,236.009994506836,238.830001831055,238.830001831055,60897100
2025-02-07,232.5,234.809997558594,228.059997558594,229.149993896484,229.149993896484,77539300
2025-02-10,230.550003051758,233.919998168945,229.199996948242,233.139999389648,233.139999389648,35419900
2025-02-11,231.919998168945,233.440002441406,230.130004882812,232.759994506836,232.759994506836,23713700
2025-02-12,230.460006713867,231.179992675781,228.160003662109,228.929992675781,228.929992675781,32285200
2025-02-13,228.850006103516,230.419998168945,227.520004272461,230.369995117188,230.369995117188,31346500
2025-02-14,229.199996948242,229.889999389648,227.229995727539,228.679992675781,228.679992675781,27031100
2025-02-18,228.820007324219,229.300003051758,223.720001220703,226.649993896484,226.649993896484,42975100
2025-02-19,225.520004272461,226.830001831055,223.710006713867,226.630004882812,226.630004882812,28566700
2025-02-20,224.779998779297,225.130004882812,221.809997558594,222.880004882812,222.880004882812,30001700
2025-02-21,223.279998779297,223.309997558594,214.740005493164,216.580001831055,216.580001831055,55323900
2025-02-24,217.449996948242,217.720001220703,212.419998168945,212.710006713867,212.710006713867,42387600
2025-02-25,211.630004882812,213.339996337891,204.160003662109,212.800003051758,212.800003051758,58958000
2025-02-26,214.940002441406,218.160003662109,213.089996337891,214.350006103516,214.350006103516,39120600
2025-02-27,218.350006103516,219.970001220703,208.369995117188,208.740005493164,208.740005493164,40548600
2025-02-28,208.649993896484,212.619995117188,206.990005493164,212.279998779297,212.279998779297,51771700
2025-03-03,213.350006103516,214.009994506836,202.550003051758,205.020004272461,205.020004272461,42948400
2025-03-04,200.110000610352,206.800003051758,197.429992675781,203.800003051758,203.800003051758,60853100
2025-03-05,204.800003051758,209.979995727539,203.259994506836,208.360000610352,208.360000610352,38610100
2025-03-06,204.399993896484,205.770004272461,198.300003051758,200.699996948242,200.699996948242,49863800
2025-03-07,199.490005493164,202.270004272461,192.529998779297,199.25,199.25,59802800
2025-03-10,195.600006103516,196.729995727539,190.850006103516,194.539993286133,194.539993286133,62350900
2025-03-11,193.899993896484,200.179992675781,193.399993896484,196.589996337891,196.589996337891,54002900
2025-03-12,200.720001220703,201.520004272461,195.289993286133,198.889999389648,198.889999389648,43679300
2025-03-13,198.169998168945,198.880004882812,191.820007324219,193.889999389648,193.889999389648,41270800
2025-03-14,197.410003662109,198.649993896484,195.320007324219,197.949996948242,197.949996948242,38096700
2025-03-17,198.770004272461,199,194.320007324219,195.740005493164,195.740005493164,47341800
2025-03-18,192.520004272461,194,189.380004882812,192.820007324219,192.820007324219,40414900
2025-03-19,193.380004882812,195.970001220703,191.960006713867,195.539993286133,195.539993286133,39442900
2025-03-20,193.070007324219,199.320007324219,192.300003051758,194.949996948242,194.949996948242,38921100
2025-03-21,192.899993896484,196.990005493164,192.520004272461,196.210006713867,196.210006713867,60056900
2025-03-24,200,203.639999389648,199.949996948242,203.259994506836,203.259994506836,41625400
2025-03-25,203.600006103516,206.210006713867,203.220001220703,205.710006713867,205.710006713867,31171200
2025-03-26,205.839996337891,206.009994506836,199.929992675781,201.130004882812,201.130004882812,32855300
2025-03-27,200.889999389648,203.789993286133,199.279998779297,201.360000610352,201.360000610352,27317700
2025-03-28,198.419998168945,199.259994506836,191.880004882812,192.720001220703,192.720001220703,52548200
2025-03-31,188.190002441406,191.330001831055,184.399993896484,190.259994506836,190.259994506836,63547600
2025-04-01,187.860000610352,193.929992675781,187.199996948242,192.169998168945,192.169998168945,41267300
2025-04-02,187.660003662109,198.339996337891,187.660003662109,196.009994506836,196.009994506836,53679200
2025-04-03,183,184.130004882812,176.919998168945,178.410003662109,178.410003662109,95553600
2025-04-04,167.149993896484,178.139999389648,166,171,171,123159400
2025-04-07,162,183.410003662109,161.380004882812,175.259994506836,175.259994506836,109327100
2025-04-08,185.229995727539,185.899993896484,168.570007324219,170.660003662109,170.660003662109,87710400
2025-04-09,172.119995117188,192.649993896484,169.929992675781,191.100006103516,191.100006103516,116804300
2025-04-10,185.440002441406,186.869995117188,175.850006103516,181.220001220703,181.220001220703,68302000
2025-04-11,179.929992675781,185.860000610352,178,184.869995117188,184.869995117188,50594300
2025-04-14,186.839996337891,187.440002441406,179.229995727539,182.119995117188,182.119995117188,48002500
2025-04-15,181.410003662109,182.350006103516,177.929992675781,179.589996337891,179.589996337891,43642000
2025-04-16,176.289993286133,179.100006103516,171.410003662109,174.330001831055,174.330001831055,51875300
2025-04-17,176,176.210006713867,172,172.610000610352,172.610000610352,44726500
2025-04-21,169.600006103516,169.600006103516,165.289993286133,167.320007324219,167.320007324219,48126100
2025-04-22,169.850006103516,176.779998779297,169.350006103516,173.179992675781,173.179992675781,56607200
2025-04-23,183.449996948242,187.380004882812,180.190002441406,180.600006103516,180.600006103516,63470100
2025-04-24,180.919998168945,186.740005493164,180.179992675781,186.539993286133,186.539993286133,43763200
2025-04-25,187.619995117188,189.940002441406,185.490005493164,188.990005493164,188.990005493164,36414300
2025-04-28,190.110000610352,190.220001220703,184.889999389648,187.699996948242,187.699996948242,33224700
2025-04-29,183.990005493164,188.020004272461,183.679992675781,187.389999389648,187.389999389648,41667300
2025-04-30,182.169998168945,185.050003051758,178.850006103516,184.419998168945,184.419998168945,55176500
2025-05-01,190.630004882812,191.809997558594,187.5,190.199996948242,190.199996948242,74266000
2025-05-02,191.440002441406,192.880004882812,186.399993896484,189.979995727539,189.979995727539,77903500
2025-05-05,186.509994506836,188.179992675781,185.529998779297,186.350006103516,186.350006103516,35217500
2025-05-06,184.570007324219,187.929992675781,183.850006103516,185.009994506836,185.009994506836,29314100
2025-05-07,185.559997558594,190.990005493164,185.009994506836,188.710006713867,188.710006713867,43948600
2025-05-08,191.429992675781,194.330001831055,188.820007324219,192.080001831055,192.080001831055,41043600
2025-05-09,193.380004882812,194.690002441406,191.160003662109,193.059997558594,193.059997558594,29663100
2025-05-12,210.710006713867,211.660003662109,205.75,208.639999389648,208.639999389648,75205000
2025-05-13,211.080001831055,214.839996337891,210.100006103516,211.369995117188,211.369995117188,56193700
2025-05-14,211.449996948242,211.929992675781,208.850006103516,210.25,210.25,38492100
2025-05-15,206.449996948242,206.880004882812,202.669998168945,205.169998168945,205.169998168945,64347300
2025-05-16,206.850006103516,206.850006103516,204.369995117188,205.589996337891,205.589996337891,43318500
2025-05-19,201.649993896484,206.619995117188,201.259994506836,206.160003662109,206.160003662109,34314800
2025-05-20,204.630004882812,205.589996337891,202.649993896484,204.070007324219,204.070007324219,29470400
2025-05-21,201.610000610352,203.460006713867,200.059997558594,201.119995117188,201.119995117188,42460900
2025-05-22,201.380004882812,205.759994506836,200.160003662109,203.100006103516,203.100006103516,38938900
2025-05-23,198.899993896484,202.369995117188,197.850006103516,200.990005493164,200.990005493164,33393500
2025-05-27,203.089996337891,206.690002441406,202.190002441406,206.020004272461,206.020004272461,34892000
2025-05-28,205.919998168945,207.660003662109,204.410003662109,204.720001220703,204.720001220703,28549800
2025-05-29,208.029998779297,208.809997558594,204.229995727539,205.699996948242,205.699996948242,34650000
2025-05-30,204.839996337891,205.990005493164,201.699996948242,205.009994506836,205.009994506836,51679400
2025-06-02,204.979995727539,207,202.679992675781,206.649993896484,206.649993896484,29113300
2025-06-03,207.110000610352,208.949996948242,205.029998779297,205.710006713867,205.710006713867,33139100
2025-06-04,206.550003051758,208.179992675781,205.179992675781,207.229995727539,207.229995727539,29915600
2025-06-05,209.550003051758,212.809997558594,207.559997558594,207.910003662109,207.910003662109,51864200
2025-06-06,212.399993896484,213.869995117188,210.5,213.570007324219,213.570007324219,39832500
2025-06-09,214.75,217.850006103516,212.880004882812,216.979995727539,216.979995727539,38102500
2025-06-10,216.779998779297,217.690002441406,214.149993896484,217.610000610352,217.610000610352,31303300
2025-06-11,217.410003662109,218.399993896484,212.889999389648,213.199996948242,213.199996948242,39326000
2025-06-12,211.779998779297,213.580001831055,211.330001831055,213.240005493164,213.240005493164,27640000
2025-06-13,209.960006713867,214.050003051758,209.619995117188,212.100006103516,212.100006103516,29337800
2025-06-16,212.309997558594,217.059997558594,211.600006103516,216.100006103516,216.100006103516,33284200
2025-06-17,215.199996948242,217.410003662109,214.559997558594,214.820007324219,214.820007324219,32086300
2025-06-18,215.089996337891,217.960006713867,212.339996337891,212.520004272461,212.520004272461,44360500
2025-06-20,214.679992675781,214.889999389648,208.270004272461,209.690002441406,209.690002441406,75350700
2025-06-23,209.789993286133,210.389999389648,207.309997558594,208.470001220703,208.470001220703,37311700
2025-06-24,212.139999389648,214.339996337891,211.050003051758,212.770004272461,212.770004272461,38378800
2025-06-25,214.619995117188,216.029998779297,211.110000610352,211.990005493164,211.990005493164,31755700
2025-06-26,213.119995117188,218.039993286133,212.009994506836,217.119995117188,217.119995117188,50480800
2025-06-27,219.919998168945,223.300003051758,216.740005493164,223.300003051758,223.300003051758,119217100
2025-06-30,223.520004272461,223.820007324219,219.119995117188,219.389999389648,219.389999389648,58887800
2025-07-01,219.5,221.880004882812,217.929992675781,220.460006713867,220.460006713867,39256800
2025-07-02,219.729995727539,221.600006103516,219.059997558594,219.919998168945,219.919998168945,30894200
2025-07-03,221.820007324219,224.009994506836,221.360000610352,223.410003662109,223.410003662109,29632400
2025-07-07,223,224.289993286133,222.369995117188,223.470001220703,223.470001220703,36604100
2025-07-08,223.919998168945,224,218.429992675781,219.360000610352,219.360000610352,45692000
2025-07-09,221.070007324219,224.289993286133,220.470001220703,222.539993286133,222.539993286133,38155100
2025-07-10,221.550003051758,222.789993286133,219.699996948242,222.259994506836,222.259994506836,30370600
2025-07-11,223.580001831055,226.679992675781,222.369995117188,225.020004272461,225.020004272461,50518300
2025-07-14,225.070007324219,226.660003662109,224.240005493164,225.690002441406,225.690002441406,35702600
2025-07-15,226.199996948242,227.270004272461,225.460006713867,226.350006103516,226.350006103516,34907300
2025-07-16,225.880004882812,226.100006103516,222.179992675781,223.190002441406,223.190002441406,39535900
2025-07-17,223.320007324219,224.5,222.509994506836,223.880004882812,223.880004882812,31855800
2025-07-18,225.139999389648,226.399993896484,222.979995727539,226.130004882812,226.130004882812,37833800
2025-07-21,225.839996337891,229.690002441406,225.649993896484,229.300003051758,229.300003051758,40297600
2025-07-22,229.679992675781,230,226.350006103516,227.470001220703,227.470001220703,37483700
2025-07-23,228.470001220703,228.789993286133,227.089996337891,228.289993286133,228.289993286133,28294900
2025-07-24,229.169998168945,236,228.639999389648,232.229995727539,232.229995727539,42902300
2025-07-25,232.220001220703,232.479995727539,231.179992675781,231.440002441406,231.440002441406,28712100
2025-07-28,233.350006103516,234.289993286133,232.25,232.789993286133,232.789993286133,26300100
2025-07-29,234.149993896484,234.720001220703,230.309997558594,231.009994506836,231.009994506836,33716200
2025-07-30,231.639999389648,231.800003051758,229.289993286133,230.190002441406,230.190002441406,32993300
2025-07-31,235.770004272461,236.529998779297,231.399993896484,234.110000610352,234.110000610352,104357300
2025-08-01,217.210006713867,220.440002441406,212.800003051758,214.75,214.75,122258800
2025-08-04,217.399993896484,217.440002441406,211.419998168945,211.649993896484,211.649993896484,77890100
2025-08-05,213.050003051758,216.300003051758,212.869995117188,213.75,213.75,51505100
2025-08-06,214.699996948242,222.649993896484,213.740005493164,222.309997558594,222.309997558594,54823000
2025-08-07,221,226.220001220703,220.820007324219,223.130004882812,223.130004882812,40603500
2025-08-08,223.139999389648,223.800003051758,221.880004882812,222.690002441406,222.690002441406,32970500
2025-08-11,221.779998779297,223.050003051758,220.399993896484,221.300003051758,221.300003051758,31646200
2025-08-12,222.229995727539,223.5,219.050003051758,221.470001220703,221.470001220703,37185800
2025-08-13,222,224.919998168945,222,224.559997558594,224.559997558594,36508300
2025-08-14,227.399993896484,233.110000610352,227.020004272461,230.979995727539,230.979995727539,61545800
2025-08-15,232.580001831055,234.080001831055,229.809997558594,231.029998779297,231.029998779297,39649200
2025-08-18,230.229995727539,231.910003662109,228.330001831055,231.490005493164,231.490005493164,25248900
2025-08-19,230.089996337891,230.529998779297,227.119995117188,228.009994506836,228.009994506836,29891000
2025-08-20,227.119995117188,227.270004272461,220.919998168945,223.809997558594,223.809997558594,36604300
2025-08-21,222.649993896484,222.779998779297,220.5,221.949996948242,221.949996948242,32140500
2025-08-22,222.789993286133,229.139999389648,220.820007324219,228.839996337891,228.839996337891,37315300
2025-08-25,227.350006103516,229.600006103516,227.309997558594,227.940002441406,227.940002441406,22633700
2025-08-26,227.110000610352,229,226.020004272461,228.710006713867,228.710006713867,26105400
2025-08-27,228.570007324219,229.869995117188,227.809997558594,229.119995117188,229.119995117188,21254500
2025-08-28,229.009994506836,232.710006713867,228.020004272461,231.600006103516,231.600006103516,33679600
2025-08-29,231.320007324219,231.809997558594,228.160003662109,229,229,26199200
2025-09-02,223.520004272461,226.169998168945,221.830001831055,225.339996337891,225.339996337891,38843900
2025-09-03,225.210006713867,227.169998168945,224.360000610352,225.990005493164,225.990005493164,29223100
2025-09-04,231.190002441406,235.770004272461,230.779998779297,235.679992675781,235.679992675781,59391800
2025-09-05,235.190002441406,236,231.929992675781,232.330001831055,232.330001831055,36721800
2025-09-08,234.940002441406,237.600006103516,233.75,235.839996337891,235.839996337891,33947100
2025-09-09,236.360000610352,238.850006103516,235.080001831055,238.240005493164,238.240005493164,27033800
2025-09-10,237.520004272461,237.679992675781,229.100006103516,230.330001831055,230.330001831055,60907700
2025-09-11,231.490005493164,231.529998779297,229.339996337891,229.949996948242,229.949996948242,37485600
2025-09-12,230.350006103516,230.789993286133,226.289993286133,228.149993896484,228.149993896484,38496200
2025-09-15,230.630004882812,233.729995727539,230.320007324219,231.429992675781,231.429992675781,33243300
2025-09-16,232.940002441406,235.899993896484,232.229995727539,234.050003051758,234.050003051758,38203900
2025-09-17,233.770004272461,234.300003051758,228.710006713867,231.619995117188,231.619995117188,42815200
2025-09-18,232.5,233.479995727539,228.789993286133,231.229995727539,231.229995727539,37931700
2025-09-19,232.369995117188,234.160003662109,229.699996948242,231.479995727539,231.479995727539,97943200
2025-09-22,230.559997558594,230.570007324219,227.509994506836,227.630004882812,227.630004882812,45914500
2025-09-23,227.830001831055,227.860000610352,220.070007324219,220.710006713867,220.710006713867,70956200
2025-09-24,224.149993896484,224.559997558594,219.449996948242,220.210006713867,220.210006713867,49509000
2025-09-25,220.059997558594,220.669998168945,216.470001220703,218.149993896484,218.149993896484,52226300
2025-09-26,219.080001831055,221.050003051758,218.020004272461,219.779998779297,219.779998779297,41650100
2025-09-29,220.080001831055,222.600006103516,219.300003051758,222.169998168945,222.169998168945,44259200
2025-09-30,222.029998779297,222.240005493164,217.889999389648,219.570007324219,219.570007324219,48396400
2025-10-01,217.360000610352,222.149993896484,216.610000610352,220.630004882812,220.630004882812,43933800
2025-10-02,221.009994506836,222.809997558594,218.949996948242,222.410003662109,222.410003662109,41258600
2025-10-03,223.440002441406,224.199996948242,219.339996337891,219.509994506836,219.509994506836,43639000
2025-10-06,221,221.729995727539,216.029998779297,220.899993896484,220.899993896484,43690900
2025-10-07,220.880004882812,222.889999389648,220.169998168945,221.779998779297,221.779998779297,31194700
2025-10-08,222.919998168945,226.729995727539,221.190002441406,225.220001220703,225.220001220703,46686000
2025-10-09,225,228.210006713867,221.75,227.740005493164,227.740005493164,46412100
2025-10-10,226.210006713867,228.25,216,216.369995117188,216.369995117188,72367500
2025-10-13,217.699996948242,220.679992675781,217.039993286133,220.070007324219,220.070007324219,37809700
2025-10-14,215.559997558594,219.320007324219,212.600006103516,216.389999389648,216.389999389648,45665600
2025-10-15,216.619995117188,217.710006713867,212.660003662109,215.570007324219,215.570007324219,45909500
2025-10-16,215.669998168945,218.589996337891,212.809997558594,214.470001220703,214.470001220703,42414600
2025-10-17,214.559997558594,214.800003051758,211.029998779297,213.039993286133,213.039993286133,45986900
2025-10-20,213.880004882812,216.690002441406,213.589996337891,216.479995727539,216.479995727539,38882800
2025-10-21,218.429992675781,223.320007324219,217.990005493164,222.029998779297,222.029998779297,50494600
2025-10-22,219.300003051758,220.009994506836,216.520004272461,217.949996948242,217.949996948242,44308500
2025-10-23,219,221.300003051758,218.179992675781,221.089996337891,221.089996337891,31540000
2025-10-24,221.970001220703,225.399993896484,221.899993896484,224.210006713867,224.210006713867,38685100
2025-10-27,227.660003662109,228.399993896484,225.539993286133,226.970001220703,226.970001220703,38267000
2025-10-28,228.220001220703,231.490005493164,226.210006713867,229.25,229.25,47100000
2025-10-29,231.669998168945,232.820007324219,227.759994506836,230.300003051758,230.300003051758,52036200
2025-10-30,227.059997558594,228.440002441406,222.75,222.860000610352,222.860000610352,102252900
2025-10-31,250.100006103516,250.5,243.979995727539,244.220001220703,244.220001220703,166340800
2025-11-03,255.360000610352,258.600006103516,252.899993896484,254,254,95997800
2025-11-04,250.380004882812,257.010009765625,248.660003662109,249.320007324219,249.320007324219,51546300
2025-11-05,249.029998779297,251,246.160003662109,250.199996948242,250.199996948242,40610700
2025-11-06,249.160003662109,250.380004882812,242.169998168945,243.039993286133,243.039993286133,46004200
2025-11-07,242.899993896484,244.899993896484,238.490005493164,244.410003662109,244.410003662109,46374300
2025-11-10,248.339996337891,251.75,245.589996337891,248.399993896484,248.399993896484,36476500
2025-11-11,248.410003662109,249.75,247.229995727539,249.100006103516,249.100006103516,23564100
2025-11-12,250.240005493164,250.369995117188,243.75,244.199996948242,244.199996948242,31190100
2025-11-13,243.050003051758,243.75,236.5,237.580001831055,237.580001831055,41401700
2025-11-14,235.059997558594,238.729995727539,232.889999389648,234.690002441406,234.690002441406,38956700
2025-11-17,233.25,234.600006103516,229.190002441406,232.869995117188,232.869995117188,59919000
2025-11-18,228.100006103516,230.199996948242,222.419998168945,222.550003051758,222.550003051758,60608400
2025-11-19,223.740005493164,223.740005493164,218.520004272461,222.690002441406,222.690002441406,58335600
2025-11-20,227.050003051758,227.410003662109,216.740005493164,217.139999389648,217.139999389648,50309000
2025-11-21,216.350006103516,222.210006713867,215.179992675781,220.690002441406,220.690002441406,68490500
2025-11-24,222.559997558594,227.330001831055,222.270004272461,226.279998779297,226.279998779297,54318400
2025-11-25,226.380004882812,230.520004272461,223.800003051758,229.669998168945,229.669998168945,39379300
2025-11-26,230.740005493164,231.75,228.770004272461,229.160003662109,229.160003662109,38497900
2025-11-28,231.240005493164,233.289993286133,230.220001220703,233.220001220703,233.220001220703,20292300
2025-12-01,233.220001220703,235.800003051758,232.25,233.880004882812,233.880004882812,42904000
2025-12-02,235.009994506836,238.970001220703,233.550003051758,234.419998168945,234.419998168945,45785400
2025-12-03,233.350006103516,233.380004882812,230.610000610352,232.380004882812,232.380004882812,35495100
2025-12-04,232.770004272461,233.5,226.800003051758,229.110000610352,229.110000610352,45683200
2025-12-05,230.320007324219,231.240005493164,228.550003051758,229.529998779297,229.529998779297,33117400
2025-12-08,229.589996337891,230.830001831055,226.270004272461,226.889999389648,226.889999389648,35019200
2025-12-09,226.839996337891,228.570007324219,225.110000610352,227.919998168945,227.919998168945,25841700
2025-12-10,228.809997558594,232.419998168945,228.460006713867,231.779998779297,231.779998779297,38790700
2025-12-11,230.710006713867,232.110000610352,228.690002441406,230.279998779297,230.279998779297,28249600
2025-12-12,229.869995117188,230.080001831055,225.119995117188,226.190002441406,226.190002441406,35639100
2025-12-15,227.929992675781,227.929992675781,221.5,222.539993286133,222.539993286133,47286100
2025-12-16,223.039993286133,223.660003662109,221.130004882812,222.559997558594,222.559997558594,39298900
2025-12-17,224.660003662109,225.190002441406,220.990005493164,221.270004272461,221.270004272461,44034400
2025-12-18,225.710006713867,229.229995727539,224.410003662109,226.759994506836,226.759994506836,50272400
2025-12-19,226.759994506836,229.130004882812,225.580001831055,227.350006103516,227.350006103516,85544400
2025-12-22,228.610000610352,229.479995727539,226.710006713867,228.429992675781,228.429992675781,32261300
2025-12-23,229.059997558594,232.449996948242,228.729995727539,232.139999389648,232.139999389648,29230200
2025-12-24,232.130004882812,232.949996948242,231.330001831055,232.380004882812,232.380004882812,11420500
2025-12-26,232.039993286133,232.990005493164,231.179992675781,232.520004272461,232.520004272461,15994700
2025-12-29,231.940002441406,232.600006103516,230.770004272461,232.070007324219,232.070007324219,19797900
2025-12-30,231.210006713867,232.770004272461,230.199996948242,232.529998779297,232.529998779297,21910500
2025-12-31,232.910003662109,232.990005493164,230.119995117188,230.820007324219,230.820007324219,24383700
2026-01-02,231.339996337891,235.460006713867,224.699996948242,226.5,226.5,51456200
2026-01-05,228.839996337891,234,227.179992675781,233.059997558594,233.059997558594,49733300
2026-01-06,232.100006103516,243.179992675781,232.070007324219,240.929992675781,240.929992675781,53764700
2026-01-07,239.610000610352,245.289993286133,239.520004272461,241.559997558594,241.559997558594,42236500
2026-01-08,243.059997558594,246.410003662109,241.880004882812,246.289993286133,246.289993286133,39509800
2026-01-09,244.570007324219,247.860000610352,242.240005493164,247.380004882812,247.380004882812,34560000
2026-01-12,246.729995727539,248.940002441406,245.960006713867,246.470001220703,246.470001220703,35867800
2026-01-13,246.529998779297,247.660003662109,240.25,242.600006103516,242.600006103516,38371800
2026-01-14,241.149993896484,241.279998779297,236.220001220703,236.649993896484,236.649993896484,41410600
2026-01-15,239.309997558594,240.649993896484,236.630004882812,238.179992675781,238.179992675781,43003600
2026-01-16,239.089996337891,239.570007324219,236.410003662109,239.119995117188,239.119995117188,45888300
2026-01-20,233.759994506836,235.089996337891,229.339996337891,231,231,47737900
2026-01-21,231.089996337891,232.300003051758,226.880004882812,231.309997558594,231.309997558594,47276100
2026-01-22,234.050003051758,235.720001220703,230.899993896484,234.339996337891,234.339996337891,31913300
2026-01-23,234.960006713867,240.449996948242,234.570007324219,239.160003662109,239.160003662109,33778500
2026-01-26,239.979995727539,240.949996948242,237.539993286133,238.419998168945,238.419998168945,32825500
2026-01-27,239.690002441406,244.880004882812,238.080001831055,244.679992675781,244.679992675781,38029200
2026-01-28,246.369995117188,247.779998779297,241.529998779297,243.009994506836,243.009994506836,40882700
2026-01-29,242.820007324219,243,236.740005493164,241.729995727539,241.729995727539,47229600
2026-01-30,239.889999389648,243.320007324219,237.639999389648,239.300003051758,239.300003051758,46585000
2026-02-02,238.309997558594,245.630004882812,238.169998168945,242.960006713867,242.960006713867,37546100
2026-02-03,244.979995727539,246.350006103516,235.449996948242,238.619995117188,238.619995117188,53831300
2026-02-04,238.860000610352,238.860000610352,231.820007324219,232.990005493164,232.990005493164,51299900
2026-02-05,224.910003662109,226.309997558594,220.380004882812,222.690002441406,222.690002441406,103509200
2026-02-06,202.699996948242,211.440002441406,200.309997558594,210.320007324219,210.320007324219,179210900
2026-02-09,208.970001220703,212.809997558594,203.350006103516,208.720001220703,208.720001220703,91178400
2026-02-10,208.800003051758,212.649993896484,206.410003662109,206.960006713867,206.960006713867,67175000
2026-02-11,208.059997558594,208.570007324219,202.490005493164,204.080001831055,204.080001831055,65545500
2026-02-12,203.960006713867,203.960006713867,197.559997558594,199.600006103516,199.600006103516,83975400
2026-02-13,198.880004882812,201.160003662109,197.279998779297,198.789993286133,198.789993286133,66321600
2026-02-17,198.130004882812,201.740005493164,196,201.149993896484,201.149993896484,69879200
2026-02-18,202.070007324219,206.860000610352,201.509994506836,204.789993286133,204.789993286133,51003300
2026-02-19,203.800003051758,205.639999389648,202.809997558594,204.860000610352,204.860000610352,35669600
2026-02-20,204.759994506836,211.169998168945,203.75,210.110000610352,210.110000610352,65881600
2026-02-23,208.100006103516,208.429992675781,203.110000610352,205.270004272461,205.270004272461,53581500
2026-02-24,205.470001220703,210.360000610352,203.25,208.559997558594,208.559997558594,41137200
2026-02-25,210.460006713867,211.589996337891,208.929992675781,210.639999389648,210.639999389648,41346400
2026-02-26,210.729995727539,211.050003051758,205.350006103516,207.919998168945,207.919998168945,47756800
2026-02-27,206.830001831055,210.330001831055,205.199996948242,210,210,57422800
2026-03-02,204.550003051758,209.729995727539,203.460006713867,208.389999389648,208.389999389648,46001000
2026-03-03,203.100006103516,209.179992675781,202.479995727539,208.729995727539,208.729995727539,43184900
2026-03-04,210.470001220703,217.539993286133,210.149993896484,216.820007324219,216.820007324219,54731100
2026-03-05,215.979995727539,220.470001220703,215.589996337891,218.940002441406,218.940002441406,60943400
2026-03-06,214.990005493164,217.320007324219,212.529998779297,213.210006713867,213.210006713867,51152700
2026-03-09,210.449996948242,213.820007324219,207.110000610352,213.490005493164,213.490005493164,54642900
2026-03-10,214.190002441406,215.649993896484,212.429992675781,214.330001831055,214.330001831055,35678800
2026-03-11,215.710006713867,217,211.350006103516,212.649993896484,212.649993896484,34199300
2026-03-12,210.389999389648,211.710006713867,208.149993896484,209.529998779297,209.529998779297,44349500
2026-03-13,209.610000610352,210.559997558594,206.220001220703,207.669998168945,207.669998168945,35662100
2026-03-16,208.350006103516,212.720001220703,207.449996948242,211.740005493164,211.740005493164,42209300
2026-03-17,212.820007324219,215.699996948242,212.429992675781,215.199996948242,215.199996948242,44969900
2026-03-18,213.929992675781,215.139999389648,208.830001831055,209.869995117188,209.869995117188,37846600
2026-03-19,207.059997558594,209.119995117188,206.050003051758,208.759994506836,208.759994506836,36440600
2026-03-20,207.399993896484,207.539993286133,204.320007324219,205.369995117188,205.369995117188,63694600
2026-03-23,209.789993286133,212.800003051758,209.509994506836,210.139999389648,210.139999389648,44277400
2026-03-24,207.949996948242,209.350006103516,206.639999389648,207.240005493164,207.240005493164,35351400
2026-03-25,211.559997558594,213.070007324219,209.899993896484,211.710006713867,211.710006713867,36388800
2026-03-26,210.610000610352,212.889999389648,207.119995117188,207.539993286133,207.539993286133,46746000
2026-03-27,206.460006713867,206.600006103516,199.139999389648,199.339996337891,199.339996337891,56009800
2026-03-30,201.479995727539,203.800003051758,199.979995727539,200.949996948242,200.949996948242,46373800
2026-03-31,204.850006103516,210.279998779297,204.139999389648,208.270004272461,208.270004272461,58470100
2026-04-01,210.440002441406,213.580001831055,208.190002441406,210.570007324219,210.570007324219,45955400
2026-04-02,206.539993286133,212.210006713867,204.899993896484,209.770004272461,209.770004272461,31453000
2026-04-06,209.800003051758,212.949996948242,209.589996337891,212.789993286133,212.789993286133,25385500
2026-04-07,211.240005493164,213.970001220703,209.080001831055,213.770004272461,213.770004272461,28154600
2026-04-08,223.789993286133,226.100006103516,219.619995117188,221.25,221.25,51092700
2026-04-09,225.229995727539,233.800003051758,223.270004272461,233.649993896484,233.649993896484,65964200
2026-04-10,235.300003051758,240.429992675781,235.210006713867,238.380004882812,238.380004882812,56912800
2026-04-13,237.449996948242,240,235.75,239.889999389648,239.889999389648,42166200
2026-04-14,241.779998779297,252.179992675781,241.779998779297,249.020004272461,249.020004272461,72685000
2026-04-15,249.25,250.440002441406,247.199996948242,248.5,248.5,43045200
2026-04-16,248.509994506836,250,244.199996948242,249.699996948242,249.699996948242,41895700
2026-04-17,254.990005493164,256.179992675781,250.110000610352,250.559997558594,250.559997558594,52029300
2026-04-20,249.190002441406,250.179992675781,245.369995117188,248.279998779297,248.279998779297,39463100
2026-04-21,255.089996337891,255.089996337891,249.100006103516,249.910003662109,249.910003662109,42922400
2026-04-22,252.440002441406,255.940002441406,250.330001831055,255.360000610352,255.360000610352,36065100
2026-04-23,255.389999389648,258.790008544922,253.070007324219,255.080001831055,255.080001831055,39091400
2026-04-24,259.980010986328,264.5,257.690002441406,263.989990234375,263.989990234375,53777400
2026-04-27,263.459991455078,264.149993896484,260.339996337891,261.119995117188,261.119995117188,44906800
2026-04-28,258.390014648438,261.029998779297,256.630004882812,259.700012207031,259.700012207031,42204400
2026-04-29,257.989990234375,265.910003662109,257.700012207031,263.040008544922,263.040008544922,72367900
2026-04-30,273.170013427734,273.880004882812,256.160003662109,265.059997558594,265.059997558594,100974900
2026-05-01,265.579986572266,273.320007324219,262.739990234375,268.260009765625,268.260009765625,50825200
2026-05-04,268.799987792969,276.100006103516,268.799987792969,272.049987792969,272.049987792969,49083700
2026-05-05,276.079986572266,278.559997558594,272.380004882812,273.549987792969,273.549987792969,41908500
2026-05-06,272.890014648438,277.799987792969,272.209991455078,274.989990234375,274.989990234375,44552000
2026-05-07,275.019989013672,276.630004882812,270.489990234375,271.170013427734,271.170013427734,35892900
2026-05-08,271.630004882812,274,269.950012207031,272.679992675781,272.679992675781,34732700
2026-05-11,269.839996337891,273.630004882812,268.480010986328,268.989990234375,268.989990234375,38176700
2026-05-12,266.709991455078,267.649993896484,262.630004882812,265.820007324219,265.820007324219,36776200
2026-05-13,264.429992675781,270.720001220703,263.200012207031,270.130004882812,270.130004882812,39670900
2026-05-14,269.149993896484,270.779998779297,266.630004882812,267.220001220703,267.220001220703,31338400
2026-05-15,262.5,264.359985351562,260.890014648438,264.140014648438,264.140014648438,40770300
2026-05-18,263.869995117188,268.850006103516,262.529998779297,264.859985351562,264.859985351562,33690800
2026-05-19,262.040008544922,262.25,255.190002441406,259.339996337891,259.339996337891,40340700
2026-05-20,260.049987792969,265.579986572266,259.529998779297,265.010009765625,265.010009765625,34933200
2026-05-21,263.5,269.489990234375,261.369995117188,268.459991455078,268.459991455078,36591700
2026-05-22,268.660003662109,269.790008544922,266.239990234375,266.320007324219,266.320007324219,27535500
2026-05-26,267.940002441406,269.299987792969,262.070007324219,265.290008544922,265.290008544922,38028100
2026-05-27,266.149993896484,272.410003662109,265.700012207031,271.850006103516,271.850006103516,40061900
2026-05-28,272.269989013672,274.5,267.440002441406,274,274,40630400
2026-05-29,271.290008544922,274.75,269.640014648438,270.640014648438,270.640014648438,54749600
2026-06-01,266.290008544922,266.630004882812,260.700012207031,261.260009765625,261.260009765625,53604400
2026-06-02,257.160003662109,261.200012207031,254.369995117188,256.519989013672,256.519989013672,41811000
2026-06-03,254.699996948242,257.089996337891,247.710006713867,250.020004272461,250.020004272461,51394200
2026-06-04,253.119995117188,255.830001831055,251.75,253.789993286133,253.789993286133,35609800
2026-06-05,254.259994506836,256.380004882812,245.779998779297,246.029998779297,246.029998779297,55607800
2026-06-08,246.679992675781,249.419998168945,243.360000610352,245.220001220703,245.220001220703,33899500
2026-06-09,247.729995727539,250.429992675781,240.399993896484,244.190002441406,244.190002441406,44425400
2026-06-10,243.610000610352,244.070007324219,237.449996948242,238,238,38590200
2026-06-11,237.929992675781,242.139999389648,235.179992675781,241.509994506836,241.509994506836,41335400
2026-06-12,243.210006713867,243.360000610352,233.589996337891,238.550003051758,238.550003051758,51186600
2026-06-15,245.020004272461,247.809997558594,244.729995727539,246.020004272461,246.020004272461,41711600
2026-06-16,248,249.509994506836,245.449996948242,246,246,35187400
2026-06-17,244.899993896484,245.910003662109,236,237.5,237.5,44780800
2026-06-18,240.119995117188,245.729995727539,236.020004272461,244.389999389648,244.389999389648,75624400
2026-06-22,240.080001831055,242,232.240005493164,232.789993286133,232.789993286133,68388500
2026-06-23,232.550003051758,236.869995117188,232,234.110000610352,234.110000610352,60492600
2026-06-24,233.850006103516,242.419998168945,232.949996948242,234.270004272461,234.270004272461,70282600
2026-06-25,232.020004272461,232.320007324219,225.550003051758,227.009994506836,227.009994506836,77674100
2026-06-26,227.210006713867,233.899993896484,226.130004882812,232.690002441406,232.690002441406,248372100
2026-06-29,234.220001220703,249.710006713867,233.800003051758,240.139999389648,240.139999389648,77619200
2026-06-30,237.350006103516,241.539993286133,237.169998168945,238.339996337891,238.339996337891,66228300
2026-07-01,239.75,244.899993896484,234.899993896484,241.699996948242,241.699996948242,53829900
2026-07-02,241.610000610352,246.720001220703,241.080001831055,242.669998168945,242.669998168945,48246400
2026-07-06,243.800003051758,246.039993286133,240.880004882812,244.160003662109,244.160003662109,40044000
2026-07-07,246.979995727539,248.929992675781,242.699996948242,245.979995727539,245.979995727539,40579600
2026-07-08,244.270004272461,244.800003051758,240.520004272461,243.619995117188,243.619995117188,29653000
2026-07-09,239.820007324219,247.5,238.25,247.039993286133,247.039993286133,38091700
2026-07-10,249.550003051758,251.029998779297,244.410003662109,245.339996337891,245.339996337891,31654000
2026-07-13,244.679992675781,249.649993896484,244.179992675781,247.309997558594,247.309997558594,34636100
2026-07-14,245.550003051758,248.559997558594,243.800003051758,247.490005493164,247.490005493164,30108100
2026-07-15,249.75,256.480010986328,249.75,254.960006713867,254.960006713867,45240600
2026-07-16,255.119995117188,258.079986572266,248,249.889999389648,249.889999389648,45343700
2026-07-17,244.460006713867,250.240005493164,243.589996337891,247.229995727539,247.229995727539,43572400
2026-07-20,248.759994506836,252.889999389648,248,249.990005493164,249.990005493164,32406500
2026-07-21,249.110000610352,249.339996337891,246.419998168945,247.550003051758,247.550003051758,27732100
2026-07-22,248.270004272461,248.449996948242,242.449996948242,244.850006103516,244.850006103516,34112700
2026-07-23,236.259994506836,238.350006103516,232.050003051758,233.660003662109,233.660003662109,47465300
2026-07-24,234.380004882812,234.949996948242,231.339996337891,232.110000610352,232.110000610352,35017400
2026-07-27,235.669998168945,235.889999389648,230.990005493164,231.389999389648,231.389999389648,34999500
2026-07-28,232.850006103516,233.110000610352,228.100006103516,230.860000610352,230.860000610352,44521600
2026-07-29,229.320007324219,232.820007324219,226.160003662109,226.649993896484,226.649993896484,44957500
2026-07-30,233.350006103516,239.820007324219,231.059997558594,235.5,235.5,101839800
2026-07-31,265,273.230010986328,262.010009765625,271.579986572266,271.579986572266,129054800
2026-08-03,278.290008544922,287.200012207031,278,284.019989013672,284.019989013672,90830200
2026-08-04,276.059997558594,281.070007324219,275.820007324219,277.420013427734,277.420013427734,69748100
2026-08-05,281.589996337891,282.790008544922,270.730010986328,272.649993896484,272.649993896484,45119800
2026-08-06,272.769989013672,275.480010986328,271.059997558594,272.260009765625,272.260009765625,30672900
2026-08-07,272.869995117188,278.309997558594,272.75,274.480010986328,274.480010986328,33861400
2026-08-10,274.010009765625,280.140014648438,273.600006103516,278.089996337891,278.089996337891,35731900
2026-08-11,278.690002441406,278.839996337891,271.359985351562,272.269989013672,272.269989013672,31895700
2026-08-12,273.179992675781,273.459991455078,267.100006103516,267.279998779297,267.279998779297,29941100
2026-08-13,267.239990234375,269.579986572266,264.709991455078,265.130004882812,265.130004882812,32170200
2026-08-14,264.880004882812,265.809997558594,262.420013427734,262.649993896484,262.649993896484,27251700
2026-08-17,265.440002441406,265.75,258.339996337891,261.309997558594,261.309997558594,43896500
2026-08-18,260.630004882812,262.179992675781,257.730010986328,259.450012207031,259.450012207031,33171300
2026-08-19,260.850006103516,266.399993896484,258.579986572266,265.839996337891,265.839996337891,35762400
2026-08-20,263.160003662109,263.839996337891,259.519989013672,260.109985351562,260.109985351562,28374100
2026-08-21,260.739990234375,261.089996337891,257.040008544922,258.630004882812,258.630004882812,35723000
2026-08-24,259.600006103516,263.320007324219,259.049987792969,262.070007324219,262.070007324219,28070500
2026-08-25,262.510009765625,263.890014648438,259.829986572266,261.059997558594,261.059997558594,25550200
2026-08-26,261.279998779297,262.049987792969,258.239990234375,260.279998779297,260.279998779297,21528400
2026-08-27,259.230010986328,259.660003662109,255.020004272461,256.260009765625,256.260009765625,35927800
2026-08-28,258.320007324219,267.559997558594,257.779998779297,266.429992675781,266.429992675781,49547400
2026-08-31,263.829986572266,264.359985351562,257.119995117188,259.769989013672,259.769989013672,46089400
2026-09-01,254.830001831055,255.820007324219,251.929992675781,254.919998168945,254.919998168945,31700100
2026-09-02,254.259994506836,256.239990234375,253.399993896484,254.979995727539,254.979995727539,24013300
2026-09-03,256.200012207031,259.5,256,258.899993896484,258.899993896484,26891500
2026-09-04,259.070007324219,261.119995117188,255.289993286133,258.510009765625,258.510009765625,30749900
2026-09-08,256.679992675781,257.989990234375,254.75,256.970001220703,256.970001220703,29398000
2026-09-09,253.119995117188,254.690002441406,250.649993896484,252.399993896484,252.399993896484,33055500
2026-09-10,250.110000610352,253.149993896484,249.580001831055,251.889999389648,251.889999389648,25484800
2026-09-11,254.089996337891,257.589996337891,253.139999389648,256.779998779297,256.779998779297,26724100
2026-09-14,253.149993896484,255.949996948242,250.740005493164,253.539993286133,253.539993286133,34352800
2026-09-15,252.240005493164,253.270004272461,247.220001220703,248.419998168945,248.419998168945,36275400
2026-09-16,248.100006103516,249.259994506836,244.300003051758,245.960006713867,245.960006713867,33488500
2026-09-17,251.070007324219,252.729995727539,249.240005493164,251.190002441406,251.190002441406,30438800
2026-09-18,252.919998168945,255.429992675781,251.880004882812,253.710006713867,253.710006713867,52274700
2026-09-21,256.399993896484,259.489990234375,253.600006103516,258.450012207031,258.450012207031,42979400
2026-09-22,255.110000610352,259,253.779998779297,254.979995727539,254.979995727539,41982600
2026-09-23,253,253.990005493164,247.759994506836,249.270004272461,249.270004272461,44209200
2026-09-24,246.020004272461,250.429992675781,245.600006103516,249.380004882812,249.380004882812,33040100
2026-09-25,248.559997558594,250.880004882812,247.179992675781,249.669998168945,249.669998168945,34263900
2026-09-28,246.630004882812,247.770004272461,244.729995727539,246.149993896484,246.149993896484,32596700
2026-09-29,246.710006713867,248.839996337891,245.139999389648,246.669998168945,246.669998168945,33730400
2026-09-30,246.789993286133,252.440002441406,246.080001831055,249.149993896484,249.149993896484,41913100
2026-10-01,251.610000610352,251.830001831055,246.119995117188,248.229995727539,248.229995727539,33243900
2026-10-02,251.509994506836,253.559997558594,250.020004272461,251.520004272461,251.520004272461,33393100
2026-10-05,250.179992675781,252.190002441406,250.179992675781,251.720001220703,251.720001220703,2463750
