"Date","Open","High","Low","Close","Adj Close","Volume"
2021-10-06,20.1200008392334,20.7199993133545,20.0799999237061,20.7000007629395,20.609224319458,297202000
2021-10-07,21.0919990539551,21.32200050354,20.9720001220703,21.0750007629395,20.9825801849365,256919000
2021-10-08,21.1009998321533,21.2059993743896,20.7749996185303,20.8309993743896,20.7396507263184,151258000
2021-10-11,20.5750007629395,21.0629997253418,20.5109996795654,20.6949996948242,20.6042461395264,163388000
2021-10-12,20.8279991149902,21.056999206543,20.5279998779297,20.6709995269775,20.5803527832031,162134000
2021-10-13,20.9179992675781,20.9899997711182,20.7129993438721,20.9389991760254,20.8471775054932,180652000
2021-10-14,21.2880001068115,21.7549991607666,21.1219997406006,21.746000289917,21.6506366729736,243589000
2021-10-15,21.8099994659424,21.9309997558594,21.6620006561279,21.8619995117188,21.7661247253418,226994000
2021-10-18,21.7490005493164,22.2910003662109,21.6439990997314,22.2220001220703,22.1245498657227,189494000
2021-10-19,22.2759990692139,22.378999710083,22.0370006561279,22.2900009155273,22.192253112793,161473000
2021-10-20,22.3050003051758,22.4330005645752,21.9820003509521,22.1030006408691,22.0060749053955,146276000
2021-10-21,22.0970001220703,22.7110004425049,22.0830001831055,22.6919994354248,22.5924892425537,187590000
2021-10-22,22.8229999542236,23.1299991607666,22.5610008239746,22.7259998321533,22.6263446807861,249384000
2021-10-25,22.9729995727539,23.3549995422363,22.7700004577637,23.1660003662109,23.0644111633301,230235000
2021-10-26,23.9890003204346,25.2590007781982,23.923999786377,24.7169990539551,24.6086101531982,485898000
2021-10-27,24.4740009307861,25.0900001525879,24.2819995880127,24.451000213623,24.3437767028809,245990000
2021-10-28,24.8780002593994,24.9500007629395,24.5230007171631,24.9409999847412,24.8316268920898,234204000
2021-10-29,25.0009994506836,25.7089996337891,25,25.5669994354248,25.4548816680908,292503000
2021-11-01,25.6490001678467,25.8939990997314,25.2269992828369,25.8269996643066,25.7137432098389,265740000
2021-11-02,25.82200050354,26.67799949646,25.7999992370605,26.4009990692139,26.2852249145508,294112000
2021-11-03,26.6700000762939,26.7840003967285,26.2350006103516,26.5979995727539,26.4813575744629,239910000
2021-11-04,27.2290000915527,31.3649997711182,27.1180000305176,29.8010005950928,29.6703109741211,1153631000
2021-11-05,30.1870002746582,31.3999996185303,29.4099998474121,29.7520008087158,29.6215305328369,851260000
2021-11-08,30.1490001678467,31.1000003814697,29.9069995880127,30.8040008544922,30.6689167022705,503101000
2021-11-09,32.2820014953613,32.310001373291,29.9640007019043,30.6569995880127,30.5225601196289,646746000
2021-11-10,29.3560009002686,30.8500003814697,28.7779998779297,29.4589996337891,29.3298149108887,636206000
2021-11-11,30.4680004119873,30.5900001525879,29.7770004272461,30.3899993896484,30.2567310333252,332172000
2021-11-12,30.0100002288818,30.6800003051758,29.6299991607666,30.3899993896484,30.2567310333252,413054000
2021-11-15,30.5520000457764,30.6439990997314,29.2469997406006,30.0249996185303,29.89333152771,384909000
2021-11-16,29.7590007781982,30.3899993896484,29.7059993743896,30.2029991149902,30.0705509185791,264484000
2021-11-17,30.4179992675781,30.5090007781982,28.7999992370605,29.2609996795654,29.132682800293,428508000
2021-11-18,32.367000579834,32.7599983215332,31.3209991455078,31.6749992370605,31.5360984802246,781711000
2021-11-19,32.2430000305176,33.0880012512207,31.9050006866455,32.9850006103516,32.8403511047363,533867000
2021-11-22,33.5169982910156,34.6469993591309,31.8999996185303,31.9559993743896,31.815860748291,754335000
2021-11-23,31.5349998474121,32.3600006103516,30.8799991607666,31.746000289917,31.6067848205566,532163000
2021-11-24,31.4610004425049,32.8549995422363,30.92799949646,32.673999786377,32.5307121276855,435162000
2021-11-26,32.5999984741211,32.7099990844727,31.3500003814697,31.5030002593994,31.3648490905762,283069000
2021-11-29,32.3660011291504,33.4119987487793,32.0359992980957,33.3759994506836,33.2296371459961,454964000
2021-11-30,33.1689987182617,33.3530006408691,31.8640003204346,32.6759986877441,32.5326995849609,622066000
2021-12-01,33.2190017700195,33.2890014648438,31.3799991607666,31.4349994659424,31.3009815216064,484368000
2021-12-02,31.2140007019043,32.4780006408691,31.0249996185303,32.1259994506836,31.9890384674072,472890000
2021-12-03,32,32.1290016174316,30.1299991607666,30.693000793457,30.5621471405029,544325000
2021-12-06,29.8799991607666,30.2409992218018,28.0380001068115,30.0370006561279,29.9089393615723,658938000
2021-12-07,30.9570007324219,32.4490013122559,30.6509990692139,32.4269981384277,32.2887535095215,593053000
2021-12-08,31.9990005493164,32.2900009155273,31.4209995269775,31.826000213623,31.6903133392334,475551000
2021-12-09,31.7339992523193,32.2050018310547,30.42799949646,30.4899997711182,30.3600120544434,488507000
2021-12-10,31.1499996185303,31.3050003051758,29.8610000610352,30.1979999542236,30.0692520141602,488825000
2021-12-13,30.2490005493164,30.2940006256104,28.1159992218018,28.1609992980957,28.0409374237061,598344000
2021-12-14,27.6989994049072,28.67799949646,27.25,28.3369998931885,28.2161884307861,667035000
2021-12-15,28.3999996185303,30.5,27.8379993438721,30.4589996337891,30.3291435241699,698297000
2021-12-16,31.1520004272461,31.1599998474121,28.0930004119873,28.386999130249,28.2659778594971,707366000
2021-12-17,27.9850006103516,28.9220008850098,27.7600002288818,27.8010005950928,27.6824741363525,713758000
2021-12-20,27.3050003051758,28.1439990997314,27.1450004577637,27.7189998626709,27.6008224487305,461847000
2021-12-21,28.3740005493164,29.1200008392334,27.4009990692139,29.0750007629395,28.9510440826416,524385000
2021-12-22,28.8910007476807,29.5550003051758,28.4489994049072,29.3999996185303,29.2746543884277,395184000
2021-12-23,29.7549991607666,30.0590000152588,29.4309997558594,29.6399993896484,29.5136337280273,343022000
2021-12-27,29.6599998474121,31.0869998931885,29.6399993896484,30.9449996948242,30.8130683898926,403686000
2021-12-28,31.3120002746582,31.3299999237061,30.011999130249,30.32200050354,30.1927242279053,420591000
2021-12-29,30.2730007171631,30.5480003356934,29.3659992218018,30.0009994506836,29.8730945587158,343139000
2021-12-30,29.8269996643066,30.4570007324219,29.5400009155273,29.5860004425049,29.4598617553711,308864000
2021-12-31,29.673999786377,30.0300006866455,29.3309993743896,29.4109992980957,29.2856101989746,266530000
2022-01-03,29.8150005340576,30.7110004425049,29.7849998474121,30.121000289917,29.992582321167,391547000
2022-01-04,30.2770004272461,30.4680004119873,28.3490009307861,29.2900009155273,29.1651268005371,527154000
2022-01-05,28.9489994049072,29.4160003662109,27.5330009460449,27.6040000915527,27.4863185882568,498064000
2022-01-06,27.6399993896484,28.4379997253418,27.0650005340576,28.17799949646,28.0578670501709,454186000
2022-01-07,28.1410007476807,28.4220008850098,27.056999206543,27.2469997406006,27.130838394165,409939000
2022-01-10,26.5809993743896,27.4689998626709,25.6439990997314,27.3999996185303,27.283182144165,594681000
2022-01-11,27.3229999542236,28.0650005340576,26.8390007019043,27.8169994354248,27.6984043121338,404089000
2022-01-12,28.0669994354248,28.5949993133545,27.6079998016357,27.9990005493164,27.8796310424805,383413000
2022-01-13,28.378999710083,28.4799995422363,26.4979991912842,26.5750007629395,26.4617004394531,540171000
2022-01-14,26.2999992370605,27.19700050354,26.2099990844727,26.9419994354248,26.8271369934082,395832000
2022-01-18,26.2600002288818,26.6380004882812,25.7700004577637,25.9029998779297,25.7925643920898,424270000
2022-01-19,26.0790004730225,26.5429992675781,25.0520000457764,25.0669994354248,24.9601306915283,488315000
2022-01-20,25.3040008544922,25.5790004730225,24.0779991149902,24.1499996185303,24.0470390319824,435181000
2022-01-21,23.5069999694824,24.8229999542236,23.2630004882812,23.3740005493164,23.2743453979492,718958000
2022-01-24,22.3299999237061,23.3799991607666,20.8880004882812,23.3719997406006,23.2723560333252,913982000
2022-01-25,22.5459995269775,22.943000793457,22,22.3239994049072,22.2288188934326,664616000
2022-01-26,23.2399997711182,24.056999206543,22.2999992370605,22.7719993591309,22.6749134063721,755959000
2022-01-27,23.568000793457,23.9950008392334,21.6749992370605,21.9440002441406,21.8504428863525,573353000
2022-01-28,22.011999130249,22.8579998016357,21.2959995269775,22.8400001525879,22.7426204681396,543774000
2022-01-31,23.181999206543,24.5090007781982,23.0520000457764,24.4860000610352,24.3816051483154,564680000
2022-02-01,25.1040000915527,25.1450004577637,23.8899993896484,24.6380004882812,24.5329608917236,518925000
2022-02-02,25.7940006256104,25.8169994354248,24.55299949646,25.242000579834,25.1343784332275,543419000
2022-02-03,24.4580001831055,25.0769996643066,23.7800006866455,23.9479999542236,23.8458995819092,410178000
2022-02-04,23.9720001220703,24.6350002288818,23.6319999694824,24.3190002441406,24.2153167724609,354829000
2022-02-07,24.3719997406006,25.181999206543,24.2019996643066,24.7280006408691,24.6225757598877,376868000
2022-02-08,24.3589992523193,25.2299995422363,23.9799995422363,25.1079998016357,25.000955581665,410359000
2022-02-09,25.6219997406006,26.7250003814697,25.3530006408691,26.7049999237061,26.5911464691162,524282000
2022-02-10,25.9950008392334,26.9249992370605,25.6000003814697,25.8239994049072,25.7138996124268,513200000
2022-02-11,25.9160003662109,26.1520004272461,23.7730007171631,23.9489994049072,23.8468952178955,605472000
2022-02-14,23.9340000152588,24.875,23.7549991607666,24.2670001983643,24.1635456085205,440424000
2022-02-15,24.9489994049072,26.5450000762939,24.7840003967285,26.4950008392334,26.3820400238037,699869000
2022-02-16,26.2590007781982,26.5820007324219,25.5520000457764,26.5109996795654,26.3979740142822,732676000
2022-02-17,25.6299991607666,25.7849998474121,24.1650009155273,24.5069999694824,24.4025173187256,810595000
2022-02-18,24.6679992675781,24.9860000610352,23.1000003814697,23.6420001983643,23.541202545166,761255000
2022-02-22,23.0349998474121,24.0639991760254,23,23.3899993896484,23.2902851104736,633422000
2022-02-23,23.8020000457764,24.1550006866455,22.3010005950928,22.386999130249,22.2915515899658,566511000
2022-02-24,21.0149993896484,23.7999992370605,20.8899993896484,23.7479991912842,23.6467533111572,735801000
2022-02-25,23.7210006713867,24.2169990539551,23.3810005187988,24.1569995880127,24.0540103912354,528866000
2022-02-28,23.992000579834,24.6650009155273,23.7070007324219,24.3850002288818,24.2810363769531,477319000
2022-03-01,24.2910003662109,24.3770008087158,23.1319999694824,23.4769992828369,23.3769073486328,412056000
2022-03-02,23.7560005187988,24.4090003967285,23.4150009155273,24.2199993133545,24.1208515167236,389642000
2022-03-03,24.261999130249,24.326000213623,23.4689998626709,23.7140007019043,23.61692237854,365095000
2022-03-04,23.3840007781982,23.6800003051758,22.4820003509521,22.9360008239746,22.8421039581299,431415000
2022-03-07,22.8169994354248,23.0330009460449,21.3299999237061,21.3519992828369,21.264591217041,450821000
2022-03-08,21.3090000152588,22.3729991912842,20.6499996185303,21.5139999389648,21.4259300231934,557467000
2022-03-09,22.386999130249,23.2199993133545,22.2469997406006,23.0139999389648,22.9197902679443,492742000
2022-03-10,22.5310001373291,22.7880001068115,21.8819999694824,22.6580009460449,22.5652484893799,428066000
2022-03-11,23.0219993591309,23.1450004577637,22.0459995269775,22.1000003814697,22.0095329284668,367209000
2022-03-14,21.8689994812012,22.261999130249,21.1590003967285,21.3299999237061,21.2426795959473,385354000
2022-03-15,21.5179996490479,23.0380001068115,21.32200050354,22.9729995727539,22.8789520263672,491996000
2022-03-16,23.5,24.5970001220703,23.1720008850098,24.496000289917,24.3957195281982,671422000
2022-03-17,24.1200008392334,24.8419990539551,23.9060001373291,24.7660007476807,24.6646137237549,471941000
2022-03-18,24.798999786377,26.5690002441406,24.6240005493164,26.4529991149902,26.3447036743164,730719000
2022-03-21,26.5069999694824,27.1520004272461,25.9669990539551,26.7339992523193,26.6245555877686,591727000
2022-03-22,26.7269992828369,27.238000869751,26.07200050354,26.5240001678467,26.4154186248779,547007000
2022-03-23,26.1259994506836,26.6119995117188,25.5750007629395,25.6340007781982,25.5290622711182,502120000
2022-03-24,26.1660003662109,28.3199996948242,25.9069995880127,28.1499996185303,28.0347633361816,877379000
2022-03-25,27.8859996795654,28.3579998016357,27.2709999084473,27.6919994354248,27.5786361694336,579016000
2022-03-28,27.7560005187988,28.25,27.2059993743896,28.2189998626709,28.1034774780273,425494000
2022-03-29,28.6949996948242,28.9459991455078,27.9799995422363,28.6560001373291,28.5386905670166,488984000
2022-03-30,28.3040008544922,28.496000289917,27.5030002593994,27.6900005340576,27.5766468048096,463487000
2022-03-31,27.7819995880127,28.2479991912842,27.2700004577637,27.2859992980957,27.1743011474609,523440000
2022-04-01,27.375,27.496000289917,26.2670001983643,26.7119998931885,26.6026477813721,517235000
2022-04-04,26.7280006408691,27.5580005645752,26.613000869751,27.3600006103516,27.2479915618896,397120000
2022-04-05,27.253999710083,27.3190002441406,25.8199996948242,25.9309997558594,25.8248443603516,436615000
2022-04-06,24.9340000152588,25.2999992370605,24.0030002593994,24.4069995880127,24.3070907592773,703833000
2022-04-07,24.4409999847412,24.7220001220703,23.4780006408691,24.2080001831055,24.1088981628418,557992000
2022-04-08,23.9169998168945,23.9230003356934,23.0620002746582,23.1189994812012,23.0243530273438,524781000
2022-04-11,22.2140007019043,22.3199996948242,21.6599998474121,21.9169998168945,21.827278137207,575207000
2022-04-12,22.5370006561279,22.7250003814697,21.2819995880127,21.503999710083,21.4159698486328,662258000
2022-04-13,21.7280006408691,22.5,21.4549999237061,22.2029991149902,22.1121063232422,516943000
2022-04-14,22.5049991607666,22.7770004272461,21.1630001068115,21.257999420166,21.1709747314453,569097000
2022-04-18,21.2000007629395,22.0879993438721,21.0790004730225,21.7830009460449,21.6938304901123,525701000
2022-04-19,21.7199993133545,22.3729991912842,21.3139991760254,22.1979999542236,22.1071300506592,512781000
2022-04-20,22.5170001983643,22.6700000762939,21.2000007629395,21.4820003509521,21.3940620422363,468974000
2022-04-21,21.7089996337891,22.3920001983643,20,20.1830005645752,20.1003761291504,656209000
2022-04-22,20.30299949646,20.4860000610352,19.5,19.5149993896484,19.4351100921631,624713000
2022-04-25,19.2019996643066,19.9449996948242,19.0960006713867,19.9020004272461,19.8205280303955,641566000
2022-04-26,19.7180004119873,19.7880001068115,18.6700000762939,18.7880001068115,18.7110824584961,653143000
2022-04-27,18.5979995727539,19.1669998168945,18.2900009155273,18.4150009155273,18.3396110534668,499460000
2022-04-28,18.9669990539551,20.0370006561279,18.4899997711182,19.7819995880127,19.7010135650635,570327000
2022-04-29,19.4020004272461,20.1280002593994,18.5170001983643,18.5470008850098,18.471076965332,500435000
2022-05-02,18.5410003662109,19.5739994049072,18.3910007476807,19.5330009460449,19.4530372619629,572049000
2022-05-03,19.3999996185303,19.8250007629395,19.132999420166,19.6019992828369,19.5217552185059,475751000
2022-05-04,19.9230003356934,20.3999996185303,18.7509994506836,20.3339996337891,20.25075340271,648855000
2022-05-05,19.867000579834,19.9249992370605,18.5,18.8439998626709,18.7668571472168,626331000
2022-05-06,18.7360000610352,19.511999130249,17.9899997711182,18.6749992370605,18.5985527038574,633297000
2022-05-09,18.0340003967285,18.2549991607666,16.8269996643066,16.9500007629395,16.880615234375,644455000
2022-05-10,17.6889991760254,18.1979999542236,17.0249996185303,17.5949993133545,17.5229721069336,761474000
2022-05-11,17.3470001220703,17.7530002593994,16.568000793457,16.6299991607666,16.5619220733643,670167000
2022-05-12,16.2189998626709,16.7880001068115,15.5670003890991,16.1749992370605,16.1087837219238,708728000
2022-05-13,16.7880001068115,17.92799949646,16.5930004119873,17.7059993743896,17.6335124969482,670437000
2022-05-16,17.5090007781982,17.7880001068115,17.1060009002686,17.2639999389648,17.1933307647705,521446000
2022-05-17,18.0739994049072,18.371000289917,17.6340007781982,18.1770000457764,18.1025905609131,585830000
2022-05-18,17.7049999237061,18.1180000305176,16.8640003204346,16.9379997253418,16.8686561584473,545161000
2022-05-19,16.9370002746582,17.6870002746582,16.7339992523193,17.1240005493164,17.0538997650146,621310000
2022-05-20,17.3320007324219,17.4099998474121,15.7550001144409,16.6940002441406,16.6256542205811,739105000
2022-05-23,16.2740001678467,16.9150009155273,16.1790008544922,16.8980007171631,16.828821182251,639889000
2022-05-24,16.5100002288818,16.5970001220703,15.7799997329712,16.1539993286133,16.087869644165,588550000
2022-05-25,16.0200004577637,17.1110000610352,16,16.9750003814697,16.9055099487305,781132000
2022-05-26,16.0359992980957,18.0919990539551,16.0219993591309,17.8509998321533,17.7779216766357,996575000
2022-05-27,18.1860008239746,18.8810005187988,18.1000003814697,18.8110008239746,18.7339954376221,738379000
2022-05-31,18.9799995422363,19.2000007629395,18.3500003814697,18.6720008850098,18.5955638885498,664100000
2022-06-01,18.7240009307861,19.05299949646,18.1219997406006,18.3199996948242,18.2449989318848,544514000
2022-06-02,18.2919998168945,19.6189994812012,18.1979999542236,19.5919990539551,19.511791229248,648656000
2022-06-03,19.0820007324219,19.3320007324219,18.5219993591309,18.7199993133545,18.6433658599854,598779000
2022-06-06,19.1389999389648,19.3369998931885,18.5639991760254,18.7859992980957,18.7090930938721,422406000
2022-06-07,18.4720001220703,19,18.1879997253418,18.9260005950928,18.848518371582,388914000
2022-06-08,18.798999786377,19.1800003051758,18.5349998474121,18.6480007171631,18.5755863189697,363252000
2022-06-09,18.4810009002686,18.9330005645752,18.0410003662109,18.0480003356934,17.9779186248779,395574000
2022-06-10,17.6000003814697,17.69700050354,16.8689994812012,16.9740009307861,16.9080848693848,465248000
2022-06-13,16,16.3120002746582,15.6059999465942,15.6470003128052,15.5862398147583,604153000
2022-06-14,15.7309999465942,16.0659999847412,15.4119997024536,15.8360004425049,15.7745065689087,469680000
2022-06-15,16.0949993133545,16.8680000305176,15.9259996414185,16.5270004272461,16.462818145752,563936000
2022-06-16,15.8599996566772,15.9420003890991,15.4010000228882,15.6009998321533,15.5404176712036,545749000
2022-06-17,15.6479997634888,15.9949998855591,15.3280000686646,15.8800001144409,15.8183345794678,630334000
2022-06-21,16.4750003814697,17.007999420166,16.4069995880127,16.5659999847412,16.5016708374023,483089000
2022-06-22,16.2259998321533,16.6620006561279,16.1800003051758,16.3600006103516,16.2964687347412,437135000
2022-06-23,16.5189990997314,16.5849990844727,15.8529996871948,16.2250003814697,16.1619930267334,463680000
2022-06-24,16.5,17.1399993896484,16.3099994659424,17.1259994506836,17.0594959259033,472153000
2022-06-27,17.3120002746582,17.3299999237061,16.6259994506836,16.8689994812012,16.8034973144531,427968000
2022-06-28,16.8999996185303,17.2019996643066,15.9449996948242,15.9820003509521,15.919939994812,461149000
2022-06-29,15.8140001296997,15.8199996948242,15.1700000762939,15.5419998168945,15.4816465377808,482352000
2022-06-30,15.3610000610352,15.5670003890991,14.8620004653931,15.1590003967285,15.1001348495483,686070000
2022-07-01,14.8990001678467,15.0629997253418,14.3920001983643,14.5229997634888,14.4666032791138,577610000
2022-07-05,14.1750001907349,14.9709997177124,14.0550003051758,14.96399974823,14.905891418457,651397000
2022-07-06,15.0100002288818,15.3190002441406,14.7889995574951,15.1300001144409,15.0712471008301,529066000
2022-07-07,15.456000328064,15.9449996948242,15.3889999389648,15.8579998016357,15.7964200973511,492903000
2022-07-08,15.4300003051758,16.0370006561279,15.3889999389648,15.8380002975464,15.7764987945557,467972000
2022-07-11,15.5260000228882,15.5270004272461,15.0380001068115,15.1520004272461,15.0931625366211,437321000
2022-07-12,15.2679996490479,15.4309997558594,14.8769998550415,15.0819997787476,15.0234327316284,458483000
2022-07-13,14.5900001525879,15.375,14.4650001525879,15.1639995574951,15.1051158905029,521918000
2022-07-14,15.1079998016357,15.4729995727539,14.7279996871948,15.3719997406006,15.3123083114624,456235000
2022-07-15,15.6590003967285,15.7819995880127,15.4449996948242,15.7620000839233,15.7007942199707,385935000
2022-07-18,16.3020000457764,16.8969993591309,16.0020008087158,16.1009998321533,16.0384845733643,670517000
2022-07-19,16.4860000610352,17.1100006103516,16.1720008850098,16.992000579834,16.9260196685791,702366000
2022-07-20,16.94700050354,17.9330005645752,16.8010005950928,17.806999206543,17.737850189209,760538000
2022-07-21,17.8850002288818,18.1439990997314,17.5450000762939,18.0499992370605,17.9799118041992,557049000
2022-07-22,17.8929996490479,17.9669990539551,17.136999130249,17.3190002441406,17.2517471313477,536671000
2022-07-25,17.0189990997314,17.1240005493164,16.6490001678467,17.0240001678467,16.9578952789307,480748000
2022-07-26,16.8889999389648,16.9190006256104,16.4780006408691,16.5330009460449,16.4687976837158,397865000
2022-07-27,17.0319995880127,17.9360008239746,16.9130001068115,17.7900009155273,17.7209167480469,569776000
2022-07-28,17.9750003814697,18.1399993896484,17.4400005340576,17.9839992523193,17.9141654968262,474646000
2022-07-29,17.8129997253418,18.2439994812012,17.6919994354248,18.1630001068115,18.0924682617188,435460000
2022-08-01,18.181999206543,18.8460006713867,17.9899997711182,18.4409999847412,18.3693885803223,476469000
2022-08-02,18.1219997406006,18.9379997253418,18.0919990539551,18.5259990692139,18.4540576934814,489527000
2022-08-03,18.1840000152588,18.9680004119873,18.136999130249,18.8929996490479,18.8196353912354,418146000
2022-08-04,18.8490009307861,19.2740001678467,18.7600002288818,19.2150001525879,19.1403884887695,409652000
2022-08-05,18.8099994659424,19.2290000915527,18.6660003662109,18.9890003204346,18.9152641296387,386068000
2022-08-08,17.5020008087158,18.2390003204346,17.242000579834,17.7929992675781,17.7239074707031,981859000
2022-08-09,17.2520008087158,17.44700050354,16.7240009307861,17.0860004425049,17.0196495056152,668263000
2022-08-10,17.6979999542236,18.1180000305176,17.3169994354248,18.0970001220703,18.0267276763916,597422000
2022-08-11,18.1310005187988,18.7070007324219,17.8759994506836,17.9419994354248,17.8723239898682,509327000
2022-08-12,18.1599998474121,18.7180004119873,17.9529991149902,18.7089996337891,18.6363487243652,478094000
2022-08-15,18.701000213623,19.1639995574951,18.613000869751,19.0319995880127,18.9580936431885,457666000
2022-08-16,18.9200000762939,19.1420001983643,18.5009994506836,18.878999710083,18.8056888580322,451240000
2022-08-17,18.5230007171631,18.6879997253418,18.1450004577637,18.3349990844727,18.2638053894043,446799000
2022-08-18,18.3010005950928,18.8649997711182,18.1830005645752,18.7730007171631,18.700101852417,415447000
2022-08-19,18.4060001373291,18.5200004577637,17.7700004577637,17.8490009307861,17.7796878814697,441588000
2022-08-22,17.4899997711182,17.5580005645752,16.9659996032715,17.0340003967285,16.9678535461426,409593000
2022-08-23,16.9890003204346,17.4650001525879,16.9699993133545,17.1809997558594,17.1142845153809,369986000
2022-08-24,17.011999130249,17.4060001373291,16.8950004577637,17.2220001220703,17.1551208496094,522661000
2022-08-25,16.8439998626709,17.94700050354,16.8330001831055,17.9130001068115,17.8434410095215,770691000
2022-08-26,17.8570003509521,17.923999786377,16.2369995117188,16.2600002288818,16.1968631744385,769127000
2022-08-29,16.0200004577637,16.3379993438721,15.7670001983643,15.8009996414185,15.7396421432495,496132000
2022-08-30,15.960000038147,16.0389995574951,15.1820001602173,15.4680004119873,15.4079341888428,530181000
2022-08-31,15.3839998245239,15.539999961853,14.9589996337891,15.0939998626709,15.0353851318359,573710000
2022-09-01,14.2089996337891,14.3800001144409,13.2700004577637,13.9370002746582,13.8828802108765,1178865000
2022-09-02,14.1000003814697,14.1709995269775,13.5909996032715,13.6470003128052,13.5940065383911,743157000
2022-09-06,13.7309999465942,13.7790002822876,13.3509998321533,13.4650001525879,13.4127130508423,535751000
2022-09-07,13.5629997253418,13.8380002975464,13.3459997177124,13.71399974823,13.6648054122925,512657000
2022-09-08,13.4589996337891,14.0080003738403,13.3690004348755,13.9899997711182,13.9398145675659,624873000
2022-09-09,14.1569995880127,14.4739999771118,14.1260004043579,14.3870000839233,14.3353900909424,486612000
2022-09-12,14.3690004348755,14.5469999313354,14.1979999542236,14.5050001144409,14.4529685974121,484159000
2022-09-13,13.8020000457764,13.9219999313354,13.0989999771118,13.1309995651245,13.0838975906372,714956000
2022-09-14,13.253999710083,13.289999961853,12.9130001068115,13.1280002593994,13.080906867981,588507000
2022-09-15,13.0150003433228,13.2329998016357,12.789999961853,12.9289999008179,12.882622718811,523625000
2022-09-16,12.7419996261597,13.2119998931885,12.6169996261597,13.1979999542236,13.1506567001343,670751000
2022-09-19,13.0120000839233,13.4630002975464,13.0100002288818,13.3819999694824,13.3339986801147,569685000
2022-09-20,13.2150001525879,13.4829998016357,13.0570001602173,13.1759996414185,13.1287355422974,524818000
2022-09-21,13.2130002975464,14.0310001373291,13.1099996566772,13.2609996795654,13.2134304046631,807679000
2022-09-22,13.0699996948242,13.1490001678467,12.4280004501343,12.5609998703003,12.5159406661987,759162000
2022-09-23,12.4200000762939,12.6110000610352,12.2569999694824,12.5159997940063,12.4711027145386,663309000
2022-09-26,12.4910001754761,12.6590003967285,12.21399974823,12.2279996871948,12.1841344833374,547343000
2022-09-27,12.5069999694824,12.7360000610352,12.2580003738403,12.4130001068115,12.3684711456299,553854000
2022-09-28,12.4099998474121,12.8229999542236,12.3540000915527,12.7360000610352,12.690315246582,542414000
2022-09-29,12.4479999542236,12.5,11.9460000991821,12.2200002670288,12.1761646270752,532763000
2022-09-30,12.0869998931885,12.6330003738403,12.0749998092651,12.1389999389648,12.0954542160034,565638000
2022-10-03,12.3470001220703,12.6780004501343,12.1049995422363,12.5120000839233,12.467116355896,547478000
2022-10-04,12.878999710083,13.2200002670288,12.878999710083,13.1669998168945,13.1197662353516,584182000
2022-10-05,12.91100025177,13.3210000991821,12.621000289917,13.2089996337891,13.1616153717041,507131000
2022-10-06,13.2200002670288,13.6560001373291,13.1029996871948,13.1300001144409,13.0829000473022,644157000
2022-10-07,12.5050001144409,12.6700000762939,12.0220003128052,12.076000213623,12.0326824188232,672478000
2022-10-10,12.0369997024536,12.1239995956421,11.4079999923706,11.6700000762939,11.6281385421753,698699000
2022-10-11,11.5609998703003,11.8459997177124,11.2829999923706,11.5860004425049,11.5444402694702,667482000
2022-10-12,11.5790004730225,11.7349996566772,11.3450002670288,11.5,11.4587469100952,492590000
2022-10-13,10.9709997177124,12.0780000686646,10.8129997253418,11.960000038147,11.9170999526978,850103000
2022-10-14,12.0570001602173,12.1110000610352,11.2040004730225,11.2270002365112,11.186728477478,713432000
2022-10-17,11.5179996490479,11.9479999542236,11.5170001983643,11.8879995346069,11.8453540802002,580774000
2022-10-18,12.3439998626709,12.4919996261597,11.6180000305176,11.9670000076294,11.9240703582764,659362000
2022-10-19,11.878999710083,12.3500003814697,11.8339996337891,12.0509996414185,12.0077695846558,523131000
2022-10-20,12.1129999160767,12.7690000534058,12.1049995422363,12.1940002441406,12.1502571105957,652398000
2022-10-21,12.0979995727539,12.4980001449585,11.8870000839233,12.4659996032715,12.4212818145752,609494000
2022-10-24,12.5080003738403,12.710000038147,12.0640001296997,12.5989999771118,12.5538053512573,517457000
2022-10-25,12.6940002441406,13.3000001907349,12.6639995574951,13.2609996795654,13.2134304046631,505482000
2022-10-26,12.8690004348755,13.3879995346069,12.7080001831055,12.8959999084473,12.8497400283813,532953000
2022-10-27,13.6300001144409,13.8380002975464,13.1219997406006,13.1759996414185,13.1287355422974,583113000
2022-10-28,13.1040000915527,13.8500003814697,13.0609998703003,13.8339996337891,13.7843761444092,521040000
2022-10-31,13.7779998779297,13.8380002975464,13.2969999313354,13.4969997406006,13.4485816955566,486341000
2022-11-01,13.8109998703003,13.9250001907349,13.5190000534058,13.5430002212524,13.4944200515747,432817000
2022-11-02,13.8500003814697,14.210000038147,13.2110004425049,13.2189998626709,13.1715803146362,672628000
2022-11-03,13.0430002212524,13.7810001373291,12.956000328064,13.4209995269775,13.3728561401367,500065000
2022-11-04,13.9860000610352,14.2290000915527,13.6969995498657,14.1560001373291,14.1052207946777,612576000
2022-11-07,14.2279996871948,14.4119997024536,13.9540004730225,14.3009996414185,14.2496995925903,410061000
2022-11-08,14.8009996414185,14.8909997940063,14.2159996032715,14.6020002365112,14.5496225357056,595292000
2022-11-09,14.1619997024536,14.2110004425049,13.7589998245239,13.7760000228882,13.7265815734863,454414000
2022-11-10,14.8000001907349,15.7729997634888,14.5469999313354,15.75,15.6935014724731,700819000
2022-11-11,15.8070001602173,16.3889999389648,15.4820003509521,16.3269996643066,16.2684326171875,655487000
2022-11-14,16.2180004119873,16.5400009155273,15.9219999313354,16.2950000762939,16.2365436553955,527852000
2022-11-15,16.7220001220703,16.9979991912842,16.3819999694824,16.6660003662109,16.6062164306641,545876000
2022-11-16,16.1620006561279,16.3619995117188,15.8730001449585,15.9099998474121,15.8529300689697,649547000
2022-11-17,15.7150001525879,16.2660007476807,15.5349998474121,15.6770000457764,15.6207637786865,710894000
2022-11-18,15.9659996032715,16.0020008087158,15.1199998855591,15.4090003967285,15.3537254333496,492072000
2022-11-21,15.1470003128052,15.4770002365112,15.0799999237061,15.3170003890991,15.2620544433594,404739000
2022-11-22,15.3280000686646,16.0580005645752,15.1219997406006,16.0380001068115,15.9804725646973,472866000
2022-11-23,16.0979995727539,16.5270004272461,16.0480003356934,16.5189990997314,16.4597454071045,427241000
2022-11-25,16.318000793457,16.4869995117188,16.1720008850098,16.2700004577637,16.211633682251,167934000
2022-11-28,16.0259990692139,16.3570003509521,15.7250003814697,15.8269996643066,15.7702264785767,303741000
2022-11-29,15.8269996643066,15.9320001602173,15.5200004577637,15.6389999389648,15.5828990936279,298384000
2022-11-30,15.6969995498657,16.9300003051758,15.5970001220703,16.9230003356934,16.8666076660156,565298000
2022-12-01,16.9990005493164,17.2649993896484,16.6350002288818,17.1350002288818,17.07790184021,470977000
2022-12-02,16.6590003967285,16.9330005645752,16.4449996948242,16.8759994506836,16.8197631835938,371389000
2022-12-05,16.6790008544922,16.9950008392334,16.4720001220703,16.6100006103516,16.554651260376,352255000
2022-12-06,16.5300006866455,16.5729999542236,15.8190002441406,15.9870004653931,15.93372631073,352694000
2022-12-07,15.7720003128052,16.1860008239746,15.6669998168945,16.1200008392334,16.0662860870361,372388000
2022-12-08,16.2730007171631,17.1790008544922,15.9589996337891,17.1690006256104,17.1117916107178,515456000
2022-12-09,17.1599998474121,17.5830001831055,16.9750003814697,17.0009994506836,16.9443473815918,465338000
2022-12-12,17.0370006561279,17.5380001068115,16.7970008850098,17.5349998474121,17.4765720367432,457328000
2022-12-13,18.5310001373291,18.7900009155273,17.7110004425049,18.07200050354,18.0117797851562,656589000
2022-12-14,17.9869995117188,18.2520008087158,17.4200000762939,17.673999786377,17.615104675293,496888000
2022-12-15,17.1459999084473,17.3199996948242,16.7000007629395,16.9519996643066,16.8955116271973,478542000
2022-12-16,16.8640003204346,17.0410003662109,16.4099998474121,16.5709991455078,16.5157775878906,478232000
2022-12-19,16.57200050354,16.6089992523193,16.1450004577637,16.253999710083,16.1998348236084,354039000
2022-12-20,16.0639991760254,16.3099994659424,15.8520002365112,16.0849990844727,16.0313968658447,403260000
2022-12-21,16.1140003204346,16.6270008087158,16.1019992828369,16.5009994506836,16.4460124969482,325025000
2022-12-22,16.0939998626709,16.1380004882812,14.8819999694824,15.33899974823,15.2878866195679,565045000
2022-12-23,15.1960000991821,15.33899974823,14.8830003738403,15.206000328064,15.155330657959,349326000
2022-12-27,15.0740003585815,15.1000003814697,14.0559997558594,14.121000289917,14.0739459991455,464902000
2022-12-28,13.9270000457764,14.2620000839233,13.8839998245239,14.03600025177,13.9892282485962,351066000
2022-12-29,14.4020004272461,14.6829996109009,14.2270002365112,14.6029996871948,14.5543403625488,354923000
2022-12-30,14.3339996337891,14.628999710083,14.2329998016357,14.6140003204346,14.5653028488159,310490000
2023-01-03,14.8509998321533,14.996000289917,14.0959997177124,14.3149995803833,14.2672986984253,401277000
2023-01-04,14.5670003890991,14.8529996871948,14.2410001754761,14.7489995956421,14.6998538970947,431324000
2023-01-05,14.4910001754761,14.5640001296997,14.1479997634888,14.2650003433228,14.2174654006958,389168000
2023-01-06,14.4739999771118,15.0100002288818,14.0340003967285,14.8590002059937,14.8094854354858,405044000
2023-01-09,15.2840003967285,16.0559997558594,15.1409997940063,15.6280002593994,15.5759229660034,504231000
2023-01-10,15.5069999694824,15.9619998931885,15.4720001220703,15.9090003967285,15.8559885025024,384101000
2023-01-11,15.8400001525879,16.0279998779297,15.5629997253418,16.0009994506836,15.9476804733276,353285000
2023-01-12,16.1000003814697,16.636999130249,15.4919996261597,16.5109996795654,16.455982208252,551409000
2023-01-13,16.2779998779297,16.9220008850098,16.1650009155273,16.8990001678467,16.8426856994629,447287000
2023-01-17,16.8990001678467,17.7280006408691,16.8990001678467,17.7019996643066,17.6430130004883,511102000
2023-01-18,17.6669998168945,17.8729991912842,17.2819995880127,17.3770008087158,17.3190956115723,439624000
2023-01-19,17.0359992980957,17.19700050354,16.7310009002686,16.7649993896484,16.7091331481934,452932000
2023-01-20,17.0109996795654,17.8560009002686,16.8250007629395,17.8390007019043,17.7795543670654,564967000
2023-01-23,18.0639991760254,19.2450008392334,17.818000793457,19.193000793457,19.1290454864502,655163000
2023-01-24,18.8269996643066,19.4950008392334,18.8199996948242,19.2649993896484,19.2008018493652,496204000
2023-01-25,18.9130001068115,19.3700008392334,18.5799999237061,19.3229999542236,19.2586078643799,449537000
2023-01-26,19.701000213623,20.1660003662109,19.2779998779297,19.8020000457764,19.7360134124756,489535000
2023-01-27,19.4619998931885,20.6280002593994,19.4050006866455,20.3649997711182,20.2971382141113,542142000
2023-01-30,19.9500007629395,20.1399993896484,19.1499996185303,19.1620006561279,19.09814453125,488611000
2023-01-31,19.1700000762939,19.6870002746582,18.9500007629395,19.5370006561279,19.4718990325928,498017000
2023-02-01,19.6909999847412,21.1919994354248,19.6110000610352,20.943000793457,20.8732147216797,660477000
2023-02-02,21,21.9489994049072,20.7000007629395,21.7089996337891,21.6366596221924,564276000
2023-02-03,21,21.7450008392334,20.7889995574951,21.1000003814697,21.0296878814697,429366000
2023-02-06,20.8059997558594,21.5699996948242,20.7859992980957,21.0890007019043,21.0187244415283,452197000
2023-02-07,21.3819999694824,22.2590007781982,21.1499996185303,22.1730003356934,22.0991153717041,664150000
2023-02-08,22.386999130249,22.8780002593994,22.007999420166,22.2049999237061,22.1310043334961,559651000
2023-02-09,22.6060009002686,23.0200004577637,22.1200008392334,22.3369998931885,22.262565612793,523876000
2023-02-10,21.6900005340576,22.0779991149902,20.8110008239746,21.2649993896484,21.1941394805908,550737000
2023-02-13,21.5380001068115,22.0480003356934,20.9619998931885,21.7880001068115,21.7153949737549,474919000
2023-02-14,21.5779991149902,23.048999786377,21.3659992218018,22.9710006713867,22.8944530487061,675474000
2023-02-15,22.548999786377,22.8549995422363,22.1060009002686,22.7639999389648,22.6881446838379,420575000
2023-02-16,22.132999420166,22.5499992370605,21.9270000457764,22.0020008087158,21.9286823272705,412026000
2023-02-17,21.6310005187988,21.7399997711182,20.9750003814697,21.3880004882812,21.3167362213135,465888000
2023-02-21,21,21.4939994812012,20.6180000305176,20.6550006866455,20.5861721038818,410015000
2023-02-22,20.7070007324219,21.1040000915527,20.4209995269775,20.753999710083,20.6848411560059,513184000
2023-02-23,23.4400005340576,23.8880004882812,23.0249996185303,23.6639995574951,23.5851459503174,1117995000
2023-02-24,23.2250003814697,23.4740009307861,22.94700050354,23.2859992980957,23.2084064483643,589716000
2023-02-27,23.6700000762939,23.8799991607666,23.4540004730225,23.5009994506836,23.4226894378662,452994000
2023-02-28,23.3719997406006,23.8250007629395,23.2059993743896,23.2159996032715,23.1386375427246,455963000
2023-03-01,23.1919994354248,23.2560005187988,22.507999420166,22.6979999542236,22.6223621368408,460026000
2023-03-02,22.488000869751,23.3799991607666,22.431999206543,23.3139991760254,23.2363109588623,389415000
2023-03-03,23.3199996948242,23.8999996185303,23.1299991607666,23.8899993896484,23.810396194458,412393000
2023-03-06,23.8910007476807,24.2479991912842,23.4869995117188,23.5540008544922,23.475513458252,437429000
2023-03-07,23.6000003814697,24.125,23.2409992218018,23.2880001068115,23.2143421173096,515154000
2023-03-08,23.4869995117188,24.2000007629395,23.423999786377,24.1809997558594,24.1045169830322,513573000
2023-03-09,24.1749992370605,24.4540004730225,23.382999420166,23.4360008239746,23.3618717193604,501257000
2023-03-10,23.4090003967285,23.6270008087158,22.7259998321533,22.9650001525879,22.8923625946045,474866000
2023-03-13,22.7520008087158,23.2980003356934,22.2970008850098,22.9659996032715,22.8933582305908,421890000
2023-03-14,23.496000289917,24.2189998626709,23.4599990844727,24.0629997253418,23.986888885498,474910000
2023-03-15,23.7609996795654,24.2859992980957,23.3600006103516,24.2280006408691,24.1513690948486,524486000
2023-03-16,24.0270004272461,25.5879993438721,23.8939990997314,25.5410003662109,25.4602146148682,583253000
2023-03-17,25.9820003509521,26.3990001678467,25.6679992675781,25.7250003814697,25.6436309814453,848547000
2023-03-20,25.6149997711182,26.0240001678467,25.1299991607666,25.8999996185303,25.8180809020996,432747000
2023-03-21,26.1800003051758,26.3920001983643,25.3810005187988,26.1989994049072,26.1161308288574,547408000
2023-03-22,26.4249992370605,27.5890007019043,26.2369995117188,26.4680004119873,26.3842811584473,797295000
2023-03-23,27.1149997711182,27.4990005493164,26.6900005340576,27.1909999847412,27.1049938201904,564889000
2023-03-24,27.0310001373291,27.1669998168945,26.3549995422363,26.7789993286133,26.6942939758301,454920000
2023-03-27,26.8369998931885,27,26.3649997711182,26.5310001373291,26.4470825195312,361026000
2023-03-28,26.44700050354,26.5130004882812,25.8500003814697,26.4099998474121,26.3264636993408,356104000
2023-03-29,26.8250007629395,27.0779991149902,26.5970001220703,26.9839992523193,26.8986530303955,393694000
2023-03-30,27.2290000915527,27.4990005493164,27.1019992828369,27.382999420166,27.2963848114014,364516000
2023-03-31,27.1399993896484,27.8339996337891,27.1049995422363,27.7770004272461,27.6891384124756,433933000
2023-04-03,27.5090007781982,28,27.3360004425049,27.9650001525879,27.8765487670898,398716000
2023-04-04,27.9659996032715,28,27.306999206543,27.4529991149902,27.3661651611328,368592000
2023-04-05,26.8290004730225,26.9979991912842,26.3950004577637,26.8810005187988,26.7959785461426,515015000
2023-04-06,26.5839996337891,27.0799999237061,26.4270000457764,27.0370006561279,26.9514827728271,397654000
2023-04-10,26.8229999542236,27.621000289917,26.6690006256104,27.5790004730225,27.4917697906494,395279000
2023-04-11,27.7240009307861,27.7900009155273,27.1259994506836,27.1690006256104,27.083065032959,314378000
2023-04-12,27.3700008392334,27.4680004119873,26.4479999542236,26.4950008392334,26.4111938476562,446259000
2023-04-13,26.7339992523193,26.886999130249,26.3290004730225,26.4629993438721,26.3792972564697,353615000
2023-04-14,26.503999710083,26.882999420166,26.2199993133545,26.757999420166,26.673360824585,395660000
2023-04-17,26.5650005340576,27.0060005187988,26.4330005645752,27.0020008087158,26.9165954589844,321471000
2023-04-18,27.5330009460449,28.1100006103516,27.3570003509521,27.6669998168945,27.5794906616211,604812000
2023-04-19,27.3610000610352,28,27.2320003509521,27.9309997558594,27.8426551818848,358660000
2023-04-20,27.6709995269775,28.0300006866455,27,27.1040000915527,27.0182666778564,427713000
2023-04-21,26.9519996643066,27.1830005645752,26.7220001220703,27.1189994812012,27.0332260131836,345103000
2023-04-24,27.0130004882812,27.3659992218018,26.6709995269775,27.0419998168945,26.9564666748047,339282000
2023-04-25,27.0779991149902,27.2469997406006,26.2250003814697,26.2409992218018,26.1579990386963,378527000
2023-04-26,27.0020008087158,27.3299999237061,26.7049999237061,26.9559993743896,26.870735168457,406337000
2023-04-27,27.363000869751,27.4950008392334,26.625,27.2259998321533,27.1398849487305,377161000
2023-04-28,27.2250003814697,27.757999420166,27.0709991455078,27.7490005493164,27.6612300872803,292216000
2023-05-01,27.8400001525879,29.0580005645752,27.7800006866455,28.9099998474121,28.8185577392578,570329000
2023-05-02,28.6800003051758,28.8360004425049,28.0830001831055,28.2099990844727,28.1207695007324,402730000
2023-05-03,27.8400001525879,28.367000579834,27.4720001220703,27.8020000457764,27.7140617370605,383387000
2023-05-04,27.6509990692139,27.8589992523193,27.2399997711182,27.5620002746582,27.4748210906982,321850000
2023-05-05,27.826000213623,28.7549991607666,27.7310009002686,28.6800003051758,28.5892868041992,361494000
2023-05-08,28.5219993591309,29.2199993133545,28.3500003814697,29.1509990692139,29.0587921142578,344979000
2023-05-09,28.8990001678467,28.9729995727539,28.4500007629395,28.5709991455078,28.4806289672852,314869000
2023-05-10,29.0049991607666,29.113000869751,28.4610004425049,28.8850002288818,28.7936401367188,369350000
2023-05-11,28.8959999084473,28.9500007629395,28.246000289917,28.5779991149902,28.4876098632812,322149000
2023-05-12,28.5289993286133,28.7800006866455,28.0459995269775,28.3400001525879,28.2503566741943,274222000
2023-05-15,28.507999420166,28.9689998626709,28.1520004272461,28.9529991149902,28.861421585083,293926000
2023-05-16,28.8409996032715,29.8700008392334,28.8320007324219,29.2129993438721,29.1205997467041,449405000
2023-05-17,29.5839996337891,30.1989994049072,29.4300003051758,30.17799949646,30.0825462341309,432535000
2023-05-18,30.4099998474121,31.8279991149902,30.3199996948242,31.67799949646,31.5778026580811,748725000
2023-05-19,31.5359992980957,31.5799999237061,30.9160003662109,31.2639999389648,31.1651096343994,473908000
2023-05-22,30.9009990692139,31.5200004577637,30.6800003051758,31.1760005950928,31.0773887634277,3.72e+08
2023-05-23,31,31.2880001068115,30.6310005187988,30.6879997253418,30.5909309387207,356253000
2023-05-24,30.2099990844727,30.6070003509521,29.8059997558594,30.5380001068115,30.4414081573486,721419000
2023-05-25,38.5229988098145,39.4799995422363,36.6349983215332,37.9799995422363,37.8598709106445,1543911000
2023-05-26,37.8899993896484,39.1699981689453,37.5499992370605,38.9459991455078,38.8228149414062,714397000
2023-05-30,40.5950012207031,41.9379997253418,39.9490013122559,40.1110000610352,39.9841270446777,923401000
2023-05-31,39.4879989624023,40.2949981689453,37.8219985961914,37.8339996337891,37.7143325805664,1002580000
2023-06-01,38.4889984130859,40.0499992370605,38.3400001525879,39.7700004577637,39.6442070007324,635873000
2023-06-02,40.0970001220703,40.5,39.0579986572266,39.3269996643066,39.2026100158691,482731000
2023-06-05,38.9090003967285,39.564998626709,38.7070007324219,39.1710014343262,39.0471076965332,396094000
2023-06-06,38.8300018310547,39.1599998474121,38.1479988098145,38.6539993286133,38.5317344665527,388729000
2023-06-07,38.9150009155273,39.4990005493164,37.3559989929199,37.4749984741211,37.3603401184082,511998000
2023-06-08,37.7239990234375,38.8639984130859,37.5050010681152,38.5099983215332,38.3921661376953,417772000
2023-06-09,39.0369987487793,39.7109985351562,38.5670013427734,38.7700004577637,38.6513710021973,427717000
2023-06-12,39.2000007629395,39.5299987792969,38.6180000305176,39.4819984436035,39.3611907958984,388701000
2023-06-13,40.1860008239746,41.101001739502,39.7400016784668,41.0219993591309,40.8964729309082,613208000
2023-06-14,40.8240013122559,43,40.5519981384277,42.9970016479492,42.8654441833496,740465000
2023-06-15,42.6020011901855,43.2890014648438,42.1469993591309,42.6529998779297,42.5224914550781,568622000
2023-06-16,43.4500007629395,43.7210006713867,42.6609992980957,42.6920013427734,42.5613708496094,655709000
2023-06-20,42.9980010986328,43.9900016784668,42.673999786377,43.8079986572266,43.6739501953125,451153000
2023-06-21,43.5009994506836,43.6150016784668,42.0800018310547,43.0449981689453,42.9132919311523,551603000
2023-06-22,42.2529983520508,43.4259986877441,42.234001159668,43.0250015258789,42.8933486938477,417737000
2023-06-23,42.4640007019043,42.8089981079102,42.0149993896484,42.2089996337891,42.0798568725586,358140000
2023-06-26,42.4609985351562,42.7639999389648,40.0999984741211,40.6319999694824,40.5076713562012,594322000
2023-06-27,40.798999786377,41.939998626709,40.4480018615723,41.8759994506836,41.747875213623,462175000
2023-06-28,40.6599998474121,41.8450012207031,40.5180015563965,41.117000579834,40.9911918640137,582639000
2023-06-29,41.5579986572266,41.5999984741211,40.5999984741211,40.8219985961914,40.697093963623,380514000
2023-06-30,41.6800003051758,42.5499992370605,41.5009994506836,42.3019981384277,42.1725654602051,501148000
2023-07-03,42.5169982910156,42.8979988098145,42.2019996643066,42.4129981994629,42.2832183837891,198209000
2023-07-05,42.1349983215332,43.1769981384277,42.0849990844727,42.3170013427734,42.1875076293945,323618000
2023-07-06,41.8440017700195,42.1790008544922,41.3460006713867,42.1030006408691,41.9741668701172,303582000
2023-07-07,42.3219985961914,43.2140007019043,42.1800003051758,42.5029983520508,42.3729515075684,355881000
2023-07-10,42.6570014953613,42.8110008239746,41.648998260498,42.1800003051758,42.0509262084961,353908000
2023-07-11,42.4809989929199,42.757999420166,42.0670013427734,42.4049987792969,42.2752380371094,298244000
2023-07-12,43.0330009460449,43.935001373291,42.7770004272461,43.9020004272461,43.7676658630371,481277000
2023-07-13,44.5180015563965,46.1549987792969,44.492000579834,45.9770011901855,45.8363189697266,478204000
2023-07-14,46.5830001831055,48.0880012512207,45.060001373291,45.4690017700195,45.3298797607422,772075000
2023-07-17,46.2890014648438,46.4959983825684,45.2620010375977,46.4609985351562,46.3188285827637,510488000
2023-07-18,46.701000213623,47.8959999084473,45.734001159668,47.4939994812012,47.3486747741699,569164000
2023-07-19,47.4640007019043,47.818000793457,46.742000579834,47.0769996643066,46.9329528808594,427502000
2023-07-20,46.5069999694824,47.0870018005371,45.0620002746582,45.5200004577637,45.3807144165039,537865000
2023-07-21,45.7879981994629,45.8660011291504,44.0999984741211,44.3089981079102,44.1734237670898,963769000
2023-07-24,44.7309989929199,45.109001159668,44.0400009155273,44.6119995117188,44.4754981994629,382516000
2023-07-25,44.9410018920898,46.1829986572266,44.9230003356934,45.6790008544922,45.5392303466797,348081000
2023-07-26,46.0209999084473,46.0530014038086,44.6300010681152,45.4519996643066,45.3129234313965,364237000
2023-07-27,46.5190010070801,47.3950004577637,45.75,45.9000015258789,45.7595481872559,455976000
2023-07-28,46.6679992675781,47.0270004272461,46.3810005187988,46.75,46.6069488525391,331194000
2023-07-31,46.7540016174316,47.1300010681152,46.5060005187988,46.7290000915527,46.5860176086426,251055000
2023-08-01,46.4599990844727,46.9000015258789,46.0270004272461,46.5069999694824,46.3646926879883,237858000
2023-08-02,45.8310012817383,45.8400001525879,43.3870010375977,44.2690010070801,44.1335372924805,530142000
2023-08-03,43.7999992370605,45.1180000305176,43.7999992370605,44.5149993896484,44.3787841796875,324176000
2023-08-04,44.9850006103516,45.6419982910156,44.3930015563965,44.6800003051758,44.543285369873,362666000
2023-08-07,45.1110000610352,45.5400009155273,44.5629997253418,45.4169998168945,45.2780380249023,322154000
2023-08-08,44.8530006408691,45.242000579834,44.0559997558594,44.6640014648438,44.5273399353027,353843000
2023-08-09,44.273998260498,44.3120002746582,42.1339988708496,42.5540008544922,42.4237937927246,586449000
2023-08-10,42.1599998474121,43.5740013122559,41.8349990844727,42.3880004882812,42.25830078125,492705000
2023-08-11,41.7509994506836,42.0180015563965,40.6389999389648,40.8549995422363,40.7299919128418,533085000
2023-08-14,40.4860000610352,43.7999992370605,40.3110008239746,43.7529983520508,43.6191177368164,690286000
2023-08-15,44.560001373291,45.2680015563965,43.7099990844727,43.939998626709,43.8055458068848,676512000
2023-08-16,44.5200004577637,44.6749992370605,43.4059982299805,43.4860000610352,43.3529434204102,527451000
2023-08-17,43.9700012207031,44.0620002746582,43.0009994506836,43.3440017700195,43.211368560791,452395000
2023-08-18,42.6349983215332,43.5779991149902,41.6599998474121,43.298999786377,43.16650390625,583768000
2023-08-21,44.4939994812012,47.064998626709,44.2220001220703,46.9669990539551,46.8232879638672,692573000
2023-08-22,48.1349983215332,48.1870002746582,45.3330001831055,45.6679992675781,45.5282554626465,755293000
2023-08-23,45.8660011291504,47.2000007629395,45.2080001831055,47.1160011291504,46.9718360900879,779046000
2023-08-24,50.2159996032715,50.265998840332,47.1590003967285,47.1629981994629,47.0186882019043,1156044000
2023-08-25,47.0120010375977,47.8050003051758,45.023998260498,46.0180015563965,45.8771934509277,925341000
2023-08-28,46.4819984436035,46.9799995422363,44.8880004882812,46.8349990844727,46.6916923522949,685192000
2023-08-29,46.6660003662109,49.0810012817383,46.390998840332,48.7840003967285,48.6347312927246,701397000
2023-08-30,49.0439987182617,49.9269981384277,48.4249992370605,49.2639999389648,49.1132621765137,735206000
2023-08-31,49.3800010681152,49.7439994812012,48.9580001831055,49.3549995422363,49.203987121582,528570000
2023-09-01,49.7620010375977,49.7999992370605,48.1419982910156,48.5089988708496,48.3605651855469,463830000
2023-09-05,48.2229995727539,48.851001739502,47.8600006103516,48.5480003356934,48.3994445800781,382653000
2023-09-06,48.4410018920898,48.548999786377,46.5800018310547,47.0610008239746,46.9208602905273,468670000
2023-09-07,45.5250015258789,46.3440017700195,45.1520004272461,46.2410011291504,46.1033058166504,433330000
2023-09-08,45.9420013427734,46.6059989929199,45.2709999084473,45.5719985961914,45.4362945556641,473069000
2023-09-11,46.1479988098145,46.1629981994629,44.3120002746582,45.1780014038086,45.0434761047363,473966000
2023-09-12,44.7379989624023,45.6730003356934,44.5309982299805,44.8699989318848,44.7363929748535,349256000
2023-09-13,44.5999984741211,45.9300003051758,44.5029983520508,45.4850006103516,45.3495597839355,398355000
2023-09-14,45.9500007629395,45.9869995117188,45.1310005187988,45.5810012817383,45.4452705383301,370097000
2023-09-15,45.3409996032715,45.5989990234375,43.8079986572266,43.9000015258789,43.7692794799805,506831000
2023-09-18,42.7480010986328,44.242000579834,42,43.9659996032715,43.8350791931152,500271000
2023-09-19,43.8330001831055,43.9659996032715,43.0019989013672,43.5200004577637,43.3904075622559,373064000
2023-09-20,43.5999984741211,43.9029998779297,42.2229995727539,42.2389984130859,42.1132164001465,367108000
2023-09-21,41.5830001831055,42.0999984741211,40.9799995422363,41.0169982910156,40.8948516845703,450736000
2023-09-22,41.5719985961914,42.1150016784668,41.2309989929199,41.6100006103516,41.4861030578613,479236000
2023-09-25,41.5909996032715,42.5359992980957,41.1769981384277,42.2220001220703,42.0962791442871,419091000
2023-09-26,42.0009994506836,42.8199996948242,41.6549987792969,41.9109992980957,41.7861976623535,402282000
2023-09-27,42.3300018310547,42.8720016479492,41.6290016174316,42.4679985046387,42.3415374755859,444935000
2023-09-28,42.4599990844727,43.4459991455078,42.1150016784668,43.0890007019043,42.9606971740723,424663000
2023-09-29,43.8269996643066,44.1440010070801,43.306999206543,43.4990005493164,43.3694801330566,397830000
2023-10-02,44.0299987792969,45.1749992370605,43.8610000610352,44.7820014953613,44.6486511230469,433298000
2023-10-03,44.8079986572266,45.1300010681152,43.2459983825684,43.5169982910156,43.3874168395996,470850000
2023-10-04,43.742000579834,44.1430015563965,43.2919998168945,44.0410003662109,43.9098625183105,361821000
2023-10-05,44.0499992370605,44.9000015258789,43.8880004882812,44.6879997253418,44.5549354553223,393483000
2023-10-06,44.193000793457,45.7890014648438,44.0260009765625,45.7620010375977,45.625732421875,434436000
2023-10-09,44.8419990539551,45.6049995422363,44.3680000305176,45.2729988098145,45.1381912231445,409675000
2023-10-10,45.310001373291,46.2589988708496,45.0880012512207,45.7980003356934,45.6616249084473,368582000
2023-10-11,46.1959991455078,46.859001159668,46.0499992370605,46.8059997558594,46.6666259765625,378137000
2023-10-12,46.7770004272461,47.609001159668,46.3300018310547,46.9449996948242,46.8052177429199,481325000
2023-10-13,46.9599990844727,47.1160011291504,45.2799987792969,45.4609985351562,45.3256301879883,474115000
2023-10-16,45.0629997253418,46.2249984741211,44.9119987487793,46.0950012207031,45.9577407836914,375099000
2023-10-17,44,44.7540016174316,42.4799995422363,43.9379997253418,43.8071594238281,812333000
2023-10-18,42.5909996032715,43.2190017700195,41.8250007629395,42.1959991455078,42.0703544616699,627294000
2023-10-19,42.8110008239746,43.2970008850098,41.8819999694824,42.101001739502,41.9756317138672,501233000
2023-10-20,41.8899993896484,42.4700012207031,41.0779991149902,41.3870010375977,41.2637672424316,477266000
2023-10-23,41.2290000915527,43.2480010986328,40.9449996948242,42.9749984741211,42.8470306396484,478530000
2023-10-24,43.0769996643066,43.6969985961914,42.6910018920898,43.6629981994629,43.5329818725586,401463000
2023-10-25,43.3979988098145,43.6500015258789,41.5550003051758,41.7789993286133,41.654598236084,398379000
2023-10-26,41.8530006408691,42.2560005187988,39.8800010681152,40.326000213623,40.205924987793,541001000
2023-10-27,41.1300010681152,41.2060012817383,40.0149993896484,40.5,40.3794097900391,416784000
2023-10-30,41.0870018005371,41.765998840332,40.4809989929199,41.1609992980957,41.0384368896484,388028000
2023-10-31,40.4500007629395,40.8790016174316,39.2299995422363,40.7799987792969,40.6585693359375,517969000
2023-11-01,40.8839988708496,42.3810005187988,40.8689994812012,42.3250007629395,42.1989707946777,437593000
2023-11-02,43.3279991149902,43.8839988708496,42.8940010070801,43.5060005187988,43.3764572143555,409172000
2023-11-03,44.0200004577637,45.3089981079102,43.7229995727539,45.0050010681152,44.8709869384766,424610000
2023-11-06,45.2849998474121,45.935001373291,44.898998260498,45.7509994506836,45.6147651672363,400733000
2023-11-07,45.7190017700195,46.2179985046387,45.1580009460449,45.9550018310547,45.8181610107422,343165000
2023-11-08,46.0999984741211,46.867000579834,45.9679985046387,46.5740013122559,46.4353141784668,346719000
2023-11-09,47.4669990539551,48.2299995422363,46.75,46.9500007629395,46.8101959228516,540496000
2023-11-10,47.5,48.4720001220703,47.2830009460449,48.3349990844727,48.1910667419434,421245000
2023-11-13,48.3199996948242,49.1160011291504,48.0989990234375,48.6199989318848,48.4752159118652,384136000
2023-11-14,49.6800003051758,49.8339996337891,49.0400009155273,49.6559982299805,49.5081443786621,416954000
2023-11-15,49.935001373291,49.9599990844727,48.2000007629395,48.8880004882812,48.7424278259277,475497000
2023-11-16,48.6790008544922,49.5250015258789,48.3300018310547,49.4799995422363,49.3326683044434,339756000
2023-11-17,49.523998260498,49.7169990539551,49.0069999694824,49.2980003356934,49.1512069702148,325205000
2023-11-20,49.3120002746582,50.5480003356934,49.1809997558594,50.4090003967285,50.2588920593262,414120000
2023-11-21,50.1259994506836,50.5169982910156,49.2220001220703,49.9440002441406,49.795280456543,565747000
2023-11-22,49.8520011901855,50.3349990844727,47.689998626709,48.7159996032715,48.5709419250488,899420000
2023-11-24,48.4700012207031,48.9210014343262,47.7449989318848,47.7760009765625,47.6337432861328,294645000
2023-11-27,47.7999992370605,48.5299987792969,47.6520004272461,48.242000579834,48.0983467102051,395662000
2023-11-28,48.2360000610352,48.3230018615723,47.4729995727539,47.8209991455078,47.6786041259766,401491000
2023-11-29,48.3790016174316,48.7620010375977,47.8600006103516,48.1399993896484,47.9966506958008,382005000
2023-11-30,48.023998260498,48.1100006103516,46.4220008850098,46.7700004577637,46.6307373046875,526247000
2023-12-01,46.5250015258789,47.2000007629395,46.1870002746582,46.7649993896484,46.6257476806641,369317000
2023-12-04,46.0769996643066,46.0769996643066,45.0099983215332,45.5099983215332,45.3744850158691,437543000
2023-12-05,45.4659996032715,46.5999984741211,45.2709999084473,46.5660018920898,46.4314231872559,371718000
2023-12-06,47.2150001525879,47.3870010375977,45.4119987487793,45.5029983520508,45.3714904785156,380590000
2023-12-07,45.7000007629395,46.6290016174316,45.6040000915527,46.5960006713867,46.4613380432129,350823000
2023-12-08,46.5950012207031,47.7410011291504,46.5499992370605,47.5060005187988,47.3687133789062,359224000
2023-12-11,47.4910011291504,47.5309982299805,45.8300018310547,46.6269989013672,46.492244720459,509728000
2023-12-12,46.0460014343262,47.6660003662109,46.0460014343262,47.6570014953613,47.5192718505859,372387000
2023-12-13,47.6290016174316,48.5940017700195,47.6080017089844,48.0880012512207,47.9490203857422,447792000
2023-12-14,48.3899993896484,48.6699981689453,47.4220008850098,48.3499984741211,48.2102661132812,391232000
2023-12-15,48.1940002441406,49.4039993286133,48.1199989318848,48.8899993896484,48.7486991882324,479948000
2023-12-18,49.4000015258789,50.4329986572266,49.1500015258789,50.0769996643066,49.9322738647461,412587000
2023-12-19,49.423999786377,49.7000007629395,48.8950004577637,49.6040000915527,49.4606437683105,464444000
2023-12-20,49.6549987792969,49.9990005493164,48.0979995727539,48.1110000610352,47.9719543457031,397894000
2023-12-21,48.8110008239746,49.0950012207031,48.4189987182617,48.9900016784668,48.8484230041504,300425000
2023-12-22,49.1949996948242,49.382999420166,48.4669990539551,48.8300018310547,48.6888732910156,252507000
2023-12-26,48.9679985046387,49.5999984741211,48.9599990844727,49.2789993286133,49.1365776062012,244200000
2023-12-27,49.5110015869141,49.6800003051758,49.0849990844727,49.4169998168945,49.2741813659668,233648000
2023-12-28,49.6430015563965,49.8839988708496,49.4119987487793,49.5219993591309,49.3788719177246,246587000
2023-12-29,49.8129997253418,49.9970016479492,48.7509994506836,49.5219993591309,49.3788719177246,389293000
2024-01-02,49.2439994812012,49.2949981689453,47.5950012207031,48.1679992675781,48.0287933349609,411254000
2024-01-03,47.4850006103516,48.1839981079102,47.3199996948242,47.5690002441406,47.4315223693848,320896000
2024-01-04,47.7669982910156,48.5,47.507999420166,47.9980010986328,47.8592834472656,306535000
2024-01-05,48.4620018005371,49.5470008850098,48.3059997558594,49.0970001220703,48.9551086425781,415039000
2024-01-08,49.5120010375977,52.2750015258789,49.4790000915527,52.2529983520508,52.1019821166992,642510000
2024-01-09,52.4010009765625,54.3250007629395,51.689998626709,53.1399993896484,52.9864196777344,773100000
2024-01-10,53.6160011291504,54.5999984741211,53.4889984130859,54.3499984741211,54.1929244995117,533796000
2024-01-11,54.9990005493164,55.3460006713867,53.560001373291,54.8219985961914,54.6635665893555,596759000
2024-01-12,54.6199989318848,54.9700012207031,54.3300018310547,54.7099990844727,54.5518836975098,352994000
2024-01-16,55.0180015563965,56.8349990844727,54.9000015258789,56.3819999694824,56.2190475463867,449580000
2024-01-17,56.3470001220703,56.4710006713867,54.7400016784668,56.0530014038086,55.8910026550293,474394000
2024-01-18,57.2599983215332,57.5999984741211,56.1069984436035,57.1069984436035,56.9419593811035,491650000
2024-01-19,57.9889984130859,59.5,57.2249984741211,59.4910011291504,59.3190612792969,543501000
2024-01-22,60.048999786377,60.3310012817383,59.0699996948242,59.6539993286133,59.4816017150879,452955000
2024-01-23,59.5699996948242,59.9099998474121,58.5849990844727,59.8730010986328,59.6999664306641,294654000
2024-01-24,60.3040008544922,62.8489990234375,59.9379997253418,61.3619995117188,61.1846542358398,560271000
2024-01-25,62.3499984741211,62.7190017700195,60.8499984741211,61.617000579834,61.4389228820801,482777000
2024-01-26,60.9599990844727,61.7830009460449,60.5730018615723,61.0309982299805,60.8546142578125,390309000
2024-01-29,61.2319984436035,62.4889984130859,60.9070014953613,62.4650001525879,62.2844696044922,348733000
2024-01-30,62.9000015258789,63.4930000305176,62.2599983215332,62.773998260498,62.5925750732422,410735000
2024-01-31,61.439998626709,62.2690010070801,60.7000007629395,61.5270004272461,61.3491821289062,453795000
2024-02-01,62.0999984741211,63.1910018920898,61.6500015258789,63.0270004272461,62.8448486328125,369146000
2024-02-02,63.9739990234375,66.5999984741211,63.689998626709,66.1600036621094,65.9687881469727,476578000
2024-02-05,68.2249984741211,69.4970016479492,67.2050018310547,69.3320007324219,69.1316452026367,680078000
2024-02-06,69.629997253418,69.7539978027344,66.3000030517578,68.2229995727539,68.0258331298828,683111000
2024-02-07,68.3190002441406,70.2200012207031,67.5999984741211,70.0989990234375,69.8964080810547,495575000
2024-02-08,70.0739974975586,70.7939987182617,69.4550018310547,69.640998840332,69.4397277832031,414422000
2024-02-09,70.5329971313477,72.1849975585938,70.2119979858398,72.1330032348633,71.9245223999023,436637000
2024-02-12,72.5999984741211,74.6110000610352,71.25,72.2480010986328,72.0391845703125,613710000
2024-02-13,70.4000015258789,73.4499969482422,69.620002746582,72.1279983520508,71.9195327758789,602580000
2024-02-14,73.2020034790039,74.2360000610352,71.9380035400391,73.9000015258789,73.6864166259766,504917000
2024-02-15,73.8690032958984,73.9749984741211,72.4000015258789,72.6579971313477,72.4480133056641,420122000
2024-02-16,74.0999984741211,74.4020004272461,72.5009994506836,72.6129989624023,72.4031448364258,495327000
2024-02-20,71.9469985961914,71.9560012817383,67.734001159668,69.4520034790039,69.2512893676758,704833000
2024-02-21,68.0059967041016,68.8880004882812,66.2480010986328,67.4720001220703,67.2770080566406,673755000
2024-02-22,75.0250015258789,78.5749969482422,74.2200012207031,78.5380020141602,78.3110275268555,865100000
2024-02-23,80.7900009155273,82.3939971923828,77.5699996948242,78.8170013427734,78.5892105102539,829388000
2024-02-26,79.6999969482422,80.6460037231445,78.504997253418,79.0920028686523,78.8634262084961,503973000
2024-02-27,79.3809967041016,79.4800033569336,77.1620025634766,78.7009963989258,78.4735412597656,391705000
2024-02-28,77.620002746582,78.9329986572266,77.125,77.6630020141602,77.4385528564453,393110000
2024-02-29,79.0940017700195,79.9899978637695,78.3499984741211,79.1119995117188,78.8833465576172,507289000
2024-03-01,80,82.3000030517578,79.4349975585938,82.2789993286133,82.0412063598633,479135000
2024-03-04,84.129997253418,87.6949996948242,83.7190017700195,85.2369995117188,84.9906616210938,615616000
2024-03-05,85.2699966430664,86.0970001220703,83.4169998168945,85.963996887207,85.7195816040039,520639000
2024-03-06,88.0220031738281,89.7239990234375,87.0299987792969,88.6999969482422,88.4477996826172,582520000
2024-03-07,90.1579971313477,92.7669982910156,89.6019973754883,92.6689987182617,92.4055099487305,608119000
2024-03-08,95.1380004882812,97.4000015258789,86.5059967041016,87.5279998779297,87.2791290283203,1142269000
2024-03-11,86.4290008544922,88.7969970703125,84.1660003662109,85.7740020751953,85.5301208496094,678364000
2024-03-12,88.0490036010742,91.9599990844727,86.1500015258789,91.9130020141602,91.6516647338867,668075000
2024-03-13,91.0550003051758,91.5039978027344,88.4349975585938,90.8880004882812,90.6295776367188,635713000
2024-03-14,89.5770034790039,90.6460037231445,86.5999984741211,87.9440002441406,87.6939544677734,602318000
2024-03-15,86.9300003051758,89.5459976196289,86.2570037841797,87.8369979858398,87.5872573852539,642086000
2024-03-18,90.3880004882812,92.4049987792969,87.0849990844727,88.4550018310547,88.203483581543,668976000
2024-03-19,86.6999969482422,90.5439987182617,85.0100021362305,89.3980026245117,89.1438293457031,672171000
2024-03-20,89.7969970703125,90.4100036621094,88.2229995727539,90.3720016479492,90.1150588989258,479063000
2024-03-21,92.3000030517578,92.6480026245117,90.4049987792969,91.4349975585938,91.1750259399414,480372000
2024-03-22,91.140998840332,94.7779998779297,90.8339996337891,94.2890014648438,94.0209121704102,586719000
2024-03-25,93.9410018920898,96.765998840332,93.5100021362305,95.0019989013672,94.7318878173828,552136000
2024-03-26,95.8509979248047,96.375,92.5019989013672,92.5609970092773,92.2978210449219,513648000
2024-03-27,93.1119995117188,93.2399978637695,89.1230010986328,90.25,89.9934005737305,586067000
2024-03-28,90,91.3000030517578,89.193000793457,90.3560028076172,90.0991058349609,435212000
2024-04-01,90.2990036010742,92.2249984741211,89.2040023803711,90.3629989624023,90.106071472168,452441000
2024-04-02,88.447998046875,90.0940017700195,87.620002746582,89.4520034790039,89.1976547241211,433064000
2024-04-03,88.484001159668,90.3740005493164,88.4000015258789,88.963996887207,88.7110595703125,370067000
2024-04-04,90.4059982299805,90.6340026855469,85.879997253418,85.9049987792969,85.6607513427734,434965000
2024-04-05,86.8659973144531,88.4810028076172,85.9260025024414,88.0080032348633,87.7577590942383,399678000
2024-04-08,88.6999969482422,88.8300018310547,86.7320022583008,87.1330032348633,86.8852615356445,283220000
2024-04-09,87.4420013427734,87.6350021362305,83.0220031738281,85.3539962768555,85.1113052368164,501700000
2024-04-10,83.9260025024414,87.4000015258789,83.7089996337891,87.0390014648438,86.7915191650391,431929000
2024-04-11,87.4199981689453,90.7389984130859,86.9260025024414,90.6159973144531,90.3583526611328,431637000
2024-04-12,89.6989974975586,90.1750030517578,87.5299987792969,88.1859970092773,87.9352493286133,426805000
2024-04-15,89.0979995727539,90.6129989624023,85.9290008544922,86.0009994506836,85.7564697265625,443077000
2024-04-16,86.4329986572266,88.1179962158203,86.0640029907227,87.4150009155273,87.1664657592773,370453000
2024-04-17,88.3399963378906,88.7750015258789,83.9499969482422,84.0350036621094,83.7960739135742,495400000
2024-04-18,84.9700012207031,86.1900024414062,82.4020004272461,84.6709976196289,84.4302597045898,447260000
2024-04-19,83.1500015258789,84.3239974975586,75.6060028076172,76.1999969482422,75.9833526611328,875198000
2024-04-22,78.1039962768555,80.072998046875,76.4000015258789,79.5179977416992,79.2919158935547,596341000
2024-04-23,80.7689971923828,82.7689971923828,80.2639999389648,82.4229965209961,82.1886444091797,438559000
2024-04-24,83.9499969482422,84.0820007324219,79.1829986572266,79.677001953125,79.4504547119141,512208000
2024-04-25,78.8679962158203,83.322998046875,78.2229995727539,82.6320037841797,82.3970642089844,424641000
2024-04-26,83.818000793457,88.3310012817383,83.3870010375977,87.7350006103516,87.4855499267578,551011000
2024-04-29,87.5950012207031,87.9919967651367,85.265998840332,87.7570037841797,87.5074844360352,388971000
2024-04-30,87.2399978637695,88.8190002441406,86.3000030517578,86.4020004272461,86.1563339233398,363709000
2024-05-01,85.0770034790039,86,81.254997253418,83.0410003662109,82.8048934936523,559863000
2024-05-02,84.4489974975586,86.2369995117188,83.1999969482422,85.8170013427734,85.572998046875,377898000
2024-05-03,87.7890014648438,89.2809982299805,87.0400009155273,88.7890014648438,88.5365524291992,398341000
2024-05-06,89.3899993896484,92.2200012207031,89.0550003051758,92.1399993896484,91.8780364990234,376203000
2024-05-07,91.0979995727539,91.7809982299805,89.0110015869141,90.5540008544922,90.2965240478516,437342000
2024-05-08,89.4830017089844,91.1940002441406,89.4199981689453,90.4120025634766,90.1549301147461,325721000
2024-05-09,90.5289993286133,91.0719985961914,88.2310028076172,88.7470016479492,88.4946670532227,378013000
2024-05-10,90.3050003051758,91.4010009765625,89.2269973754883,89.8779983520508,89.622444152832,335325000
2024-05-13,90.4779968261719,90.9980010986328,88.5289993286133,90.3990020751953,90.141975402832,289680000
2024-05-14,89.5989990234375,91.6510009765625,88.9339981079102,91.3560028076172,91.0962524414062,296507000
2024-05-15,92.4720001220703,94.8619995117188,91.5989990234375,94.629997253418,94.3609390258789,417735000
2024-05-16,94.9100036621094,95.8190002441406,94.1029968261719,94.359001159668,94.090705871582,323952000
2024-05-17,94.3690032958984,94.7399978637695,91.8059997558594,92.4789962768555,92.2160568237305,359691000
2024-05-20,93.75,95.1999969482422,93.4400024414062,94.7799987792969,94.510498046875,318764000
2024-05-21,93.5989990234375,95.4000015258789,93.1800003051758,95.3860015869141,95.1147994995117,328946000
2024-05-22,95.4589996337891,96.0199966430664,93.2490005493164,94.9499969482422,94.6800308227539,548648000
2024-05-23,102.02799987793,106.319999694824,101.519996643066,103.799003601074,103.503875732422,835065000
2024-05-24,104.448997497559,106.474998474121,103,106.46900177002,106.166282653809,429494000
2024-05-28,110.244003295898,114.939002990723,109.883003234863,113.901000976562,113.5771484375,652728000
2024-05-29,113.050003051758,115.491996765137,110.901000976562,114.824996948242,114.498527526855,557442000
2024-05-30,114.650001525879,115.819000244141,109.66300201416,110.5,110.185813903809,484553000
2024-05-31,112.519996643066,112.717002868652,106.940002441406,109.633003234863,109.3212890625,613263000
2024-06-03,113.621002197266,115,112.002998352051,115,114.673011779785,438392000
2024-06-04,115.716003417969,116.599998474121,114.044998168945,116.436996459961,116.105926513672,403324000
2024-06-05,118.371002197266,122.448997497559,117.468002319336,122.440002441406,122.091873168945,528402000
2024-06-06,124.047996520996,125.58699798584,118.319999694824,120.998001098633,120.653961181641,664696000
2024-06-07,119.769996643066,121.692001342773,118.022003173828,120.888000488281,120.544281005859,412386000
2024-06-10,120.370002746582,123.099998474121,117.01000213623,121.790000915527,121.443710327148,313434100
2024-06-11,121.769996643066,122.870002746582,118.73999786377,120.910003662109,120.576126098633,222551200
2024-06-12,123.059997558594,126.879997253418,122.569999694824,125.199996948242,124.854270935059,299595000
2024-06-13,129.389999389648,129.800003051758,127.160003662109,129.610000610352,129.252105712891,260704500
2024-06-14,129.960006713867,132.839996337891,128.320007324219,131.880004882812,131.515823364258,309320400
2024-06-17,132.990005493164,133.729995727539,129.580001831055,130.979995727539,130.618316650391,288504400
2024-06-18,131.139999389648,136.330001831055,130.690002441406,135.580001831055,135.205612182617,294335100
2024-06-20,139.800003051758,140.759994506836,129.520004272461,130.779998779297,130.418853759766,517768400
2024-06-21,127.120002746582,130.630004882812,124.300003051758,126.569999694824,126.220497131348,649445800
2024-06-24,123.23999786377,124.459999084473,118.040000915527,118.110000610352,117.783843994141,476060900
2024-06-25,121.199996948242,126.5,119.319999694824,126.089996337891,125.741798400879,414192600
2024-06-26,126.129997253418,128.119995117188,122.599998474121,126.400001525879,126.050971984863,362975900
2024-06-27,124.099998474121,126.410003662109,122.919998168945,123.98999786377,123.647605895996,252571700
2024-06-28,124.580001831055,127.709999084473,122.75,123.540000915527,123.198860168457,315516700
2024-07-01,123.470001220703,124.839996337891,118.830001831055,124.300003051758,123.956764221191,284885500
2024-07-02,121.129997253418,123.410003662109,121.029998779297,122.669998168945,122.331260681152,218374000
2024-07-03,121.660003662109,128.279998779297,121.360000610352,128.279998779297,127.925773620605,215749000
2024-07-05,127.379997253418,128.850006103516,125.680000305176,125.830001831055,125.482536315918,214176700
2024-07-08,127.48999786377,130.770004272461,127.040000915527,128.199996948242,127.845977783203,237677300
2024-07-09,130.350006103516,133.820007324219,128.649993896484,131.380004882812,131.017211914062,285366600
2024-07-10,134.029998779297,135.100006103516,132.419998168945,134.910003662109,134.537475585938,248978600
2024-07-11,135.75,136.149993896484,127.050003051758,127.400001525879,127.048210144043,374782700
2024-07-12,128.259994506836,131.919998168945,127.220001220703,129.240005493164,128.88313293457,252680500
2024-07-15,130.559997558594,131.389999389648,127.180000305176,128.440002441406,128.085357666016,208326200
2024-07-16,128.440002441406,129.039993286133,124.580001831055,126.360000610352,126.011070251465,214769500
2024-07-17,121.349998474121,121.849998474121,116.720001220703,117.98999786377,117.664176940918,390086200
2024-07-18,121.849998474121,122.400001525879,116.559997558594,121.089996337891,120.755615234375,320979500
2024-07-19,120.349998474121,121.599998474121,117.370002746582,117.930000305176,117.604362487793,217223800
2024-07-22,120.349998474121,124.069999694824,119.860000610352,123.540000915527,123.198860168457,258068900
2024-07-23,122.779998779297,124.690002441406,122.099998474121,122.589996337891,122.251487731934,173911000
2024-07-24,119.169998168945,119.949996948242,113.440002441406,114.25,113.934516906738,327776900
2024-07-25,113.040000915527,116.629997253418,106.300003051758,112.279998779297,111.969955444336,460067000
2024-07-26,116.190002441406,116.199996948242,111.580001831055,113.059997558594,112.747802734375,293399100
2024-07-29,113.690002441406,116.279998779297,111.300003051758,111.589996337891,111.281845092773,248152100
2024-07-30,111.519996643066,111.98999786377,102.540000915527,103.730003356934,103.443565368652,486833300
2024-07-31,112.900001525879,118.339996337891,110.879997253418,117.019996643066,116.69686126709,473174200
2024-08-01,117.529998779297,120.160003662109,106.809997558594,109.209999084473,108.908432006836,523462300
2024-08-02,103.76000213623,108.720001220703,101.370002746582,107.269996643066,106.973770141602,482027500
2024-08-05,92.0599975585938,103.410003662109,90.6900024414062,100.449996948242,100.172607421875,552842400
2024-08-06,103.839996337891,107.709999084473,100.550003051758,104.25,103.962120056152,409012100
2024-08-07,107.809997558594,108.800003051758,98.6900024414062,98.9100036621094,98.6368713378906,411440400
2024-08-08,102,105.5,97.5199966430664,104.970001220703,104.680137634277,391910000
2024-08-09,105.639999389648,106.599998474121,103.430000305176,104.75,104.460754394531,290844200
2024-08-12,106.319999694824,111.069999694824,106.26000213623,109.019996643066,108.718955993652,325559900
2024-08-13,112.440002441406,116.230003356934,111.580001831055,116.139999389648,115.819305419922,312646700
2024-08-14,118.529998779297,118.599998474121,114.069999694824,118.080001831055,117.753944396973,339246400
2024-08-15,118.76000213623,123.23999786377,117.470001220703,122.860000610352,122.520751953125,318086700
2024-08-16,121.940002441406,125,121.180000305176,124.580001831055,124.236000061035,302589900
2024-08-19,124.279998779297,130,123.419998168945,130,129.641006469727,318333600
2024-08-20,128.399993896484,129.880004882812,125.889999389648,127.25,126.898620605469,300087400
2024-08-21,127.319999694824,129.350006103516,126.660003662109,128.5,128.145156860352,257883600
2024-08-22,130.020004272461,130.75,123.099998474121,123.73999786377,123.398315429688,376189100
2024-08-23,125.860000610352,129.600006103516,125.220001220703,129.369995117188,129.012741088867,323230300
2024-08-26,129.570007324219,131.259994506836,124.370002746582,126.459999084473,126.110786437988,331964700
2024-08-27,125.050003051758,129.199996948242,123.879997253418,128.300003051758,127.945732116699,303134600
2024-08-28,128.119995117188,128.330001831055,122.639999389648,125.610000610352,125.263160705566,448101100
2024-08-29,121.360000610352,124.430000305176,116.709999084473,117.589996337891,117.265289306641,453023300
2024-08-30,119.529998779297,121.75,117.220001220703,119.370002746582,119.040374755859,333751600
2024-09-03,116.01000213623,116.209999084473,107.290000915527,108,107.701774597168,477155100
2024-09-04,105.410003662109,113.269996643066,104.120002746582,106.209999084473,105.916717529297,372470300
2024-09-05,104.98999786377,109.650001525879,104.76000213623,107.209999084473,106.913948059082,306850700
2024-09-06,108.040000915527,108.150001525879,100.949996948242,102.830001831055,102.546051025391,413638100
2024-09-09,104.879997253418,106.550003051758,103.690002441406,106.470001220703,106.175987243652,273912000
2024-09-10,107.809997558594,109.400001525879,104.949996948242,108.099998474121,107.801490783691,268283700
2024-09-11,109.389999389648,117.190002441406,107.419998168945,116.910003662109,116.58716583252,441422400
2024-09-12,116.839996337891,120.790000915527,115.379997253418,119.139999389648,118.821174621582,366052700
2024-09-13,119.080001831055,119.959999084473,117.599998474121,119.099998474121,118.781280517578,238358300
2024-09-16,116.790000915527,118.180000305176,114.360000610352,116.779998779297,116.467498779297,248772300
2024-09-17,118.169998168945,118.800003051758,114.830001831055,115.589996337891,115.28067779541,231925900
2024-09-18,115.889999389648,117.699996948242,113.220001220703,113.370002746582,113.066619873047,310318900
2024-09-19,117.349998474121,119.660003662109,117.25,117.870002746582,117.554573059082,293506400
2024-09-20,117.059997558594,118.620002746582,115.389999389648,116,115.689575195312,382462400
2024-09-23,116.550003051758,116.98999786377,114.860000610352,116.26000213623,115.948883056641,206228500
2024-09-24,116.519996643066,121.800003051758,115.379997253418,120.870002746582,120.54655456543,354966800
2024-09-25,122.019996643066,124.940002441406,121.610000610352,123.51000213623,123.179481506348,284692900
2024-09-26,126.800003051758,127.669998168945,121.800003051758,124.040000915527,123.708053588867,302582900
2024-09-27,123.970001220703,124.029998779297,119.26000213623,121.400001525879,121.075126647949,271009200
2024-09-30,118.309997558594,121.5,118.150001525879,121.440002441406,121.115020751953,226553700
2024-10-01,121.769996643066,122.440002441406,115.790000915527,117,116.686897277832,302094500
2024-10-02,116.440002441406,119.379997253418,115.139999389648,118.849998474121,118.531944274902,221845900
2024-10-03,120.919998168945,124.360000610352,120.339996337891,122.849998474121,122.52124786377,277118000
2024-10-04,124.940002441406,125.040000915527,121.830001831055,124.919998168945,124.585708618164,243678100
2024-10-07,124.98999786377,130.639999389648,124.949996948242,127.720001220703,127.378204345703,346250200
2024-10-08,130.259994506836,133.479995727539,129.419998168945,132.889999389648,132.534378051758,285722500
2024-10-09,134.110000610352,134.520004272461,131.380004882812,132.649993896484,132.295028686523,246191600
2024-10-10,131.910003662109,135,131,134.809997558594,134.449234008789,242311300
2024-10-11,134.009994506836,135.779998779297,133.660003662109,134.800003051758,134.439270019531,170209500
2024-10-14,136.470001220703,139.600006103516,136.300003051758,138.070007324219,137.700531005859,232347700
2024-10-15,137.869995117188,138.570007324219,128.740005493164,131.600006103516,131.247833251953,377831000
2024-10-16,133.979995727539,136.619995117188,131.580001831055,135.720001220703,135.356826782227,264879700
2024-10-17,139.339996337891,140.889999389648,136.869995117188,136.929992675781,136.563552856445,306435900
2024-10-18,138.669998168945,138.899993896484,137.279998779297,138,137.630706787109,176090200
2024-10-21,138.130004882812,143.710006713867,138,143.710006713867,143.325439453125,264554500
2024-10-22,142.910003662109,144.419998168945,141.779998779297,143.589996337891,143.205749511719,226311600
2024-10-23,142.029998779297,142.429992675781,137.460006713867,139.559997558594,139.186508178711,285930000
2024-10-24,140.820007324219,141.350006103516,138.460006713867,140.410003662109,140.034255981445,172354900
2024-10-25,140.929992675781,144.130004882812,140.800003051758,141.539993286133,141.161209106445,205122100
2024-10-28,143,143.139999389648,140.050003051758,140.520004272461,140.143966674805,173586700
2024-10-29,140.289993286133,142.259994506836,138.899993896484,141.25,140.871994018555,157593600
2024-10-30,139.539993286133,140.330001831055,136.809997558594,139.339996337891,138.967086791992,179418100
2024-10-31,137.600006103516,137.610000610352,132.110000610352,132.759994506836,132.404708862305,270039600
2024-11-01,134.699996948242,137.309997558594,134.570007324219,135.399993896484,135.037658691406,207127800
2024-11-04,137.210006713867,138.960006713867,135.570007324219,136.050003051758,135.685897827148,187528200
2024-11-05,137.449996948242,140.369995117188,137.330001831055,139.910003662109,139.535598754883,160537400
2024-11-06,142.960006713867,146.490005493164,141.960006713867,145.610000610352,145.220321655273,242043900
2024-11-07,146.389999389648,148.929992675781,146.169998168945,148.880004882812,148.481582641602,207323300
2024-11-08,148.770004272461,149.770004272461,146.259994506836,147.630004882812,147.234939575195,175665800
2024-11-11,148.679992675781,148.850006103516,143.570007324219,145.259994506836,144.871292114258,182325600
2024-11-12,146.779998779297,149.649993896484,146.009994506836,148.289993286133,147.893157958984,198634700
2024-11-13,149.070007324219,149.330001831055,145.899993896484,146.270004272461,145.87858581543,191903300
2024-11-14,147.639999389648,149,145.550003051758,146.759994506836,146.367248535156,194463300
2024-11-15,144.869995117188,145.240005493164,140.080001831055,141.979995727539,141.600067138672,250132900
2024-11-18,139.5,141.550003051758,137.149993896484,140.149993896484,139.774932861328,221205300
2024-11-19,141.320007324219,147.130004882812,140.990005493164,147.009994506836,146.616592407227,227834900
2024-11-20,147.410003662109,147.559997558594,142.729995727539,145.889999389648,145.499603271484,309871700
2024-11-21,149.350006103516,152.889999389648,140.699996948242,146.669998168945,146.277481079102,400946600
2024-11-22,145.929992675781,147.160003662109,141.100006103516,141.949996948242,141.57014465332,236406200
2024-11-25,141.990005493164,142.050003051758,135.820007324219,136.020004272461,135.656021118164,344941900
2024-11-26,137.699996948242,139.300003051758,135.669998168945,136.919998168945,136.553588867188,190287700
2024-11-27,135.009994506836,137.220001220703,131.800003051758,135.339996337891,134.977813720703,226370900
2024-11-29,136.779998779297,139.350006103516,136.050003051758,138.25,137.880020141602,141863200
2024-12-02,138.830001831055,140.449996948242,137.820007324219,138.630004882812,138.259033203125,171682800
2024-12-03,138.259994506836,140.539993286133,137.949996948242,140.259994506836,139.884658813477,164414000
2024-12-04,142,145.789993286133,140.289993286133,145.139999389648,144.751586914062,231224300
2024-12-05,145.110000610352,146.539993286133,143.949996948242,145.059997558594,144.681777954102,172621200
2024-12-06,144.600006103516,145.699996948242,141.309997558594,142.440002441406,142.068603515625,188505600
2024-12-09,138.970001220703,139.949996948242,137.130004882812,138.809997558594,138.448059082031,189308600
2024-12-10,139.009994506836,141.820007324219,133.789993286133,135.070007324219,134.717834472656,210020900
2024-12-11,137.360000610352,140.169998168945,135.210006713867,139.309997558594,138.946762084961,184905200
2024-12-12,137.080001831055,138.440002441406,135.800003051758,137.339996337891,136.981918334961,159211400
2024-12-13,138.940002441406,139.600006103516,132.539993286133,134.25,133.899978637695,231514900
2024-12-16,134.179992675781,134.399993896484,130.419998168945,132,131.655822753906,237951100
2024-12-17,129.089996337891,131.589996337891,126.860000610352,130.389999389648,130.050033569336,259410300
2024-12-18,133.860000610352,136.699996948242,128.279998779297,128.910003662109,128.57389831543,277444500
2024-12-19,131.759994506836,134.029998779297,129.550003051758,130.679992675781,130.339279174805,209719200
2024-12-20,129.809997558594,135.279998779297,128.220001220703,134.699996948242,134.348770141602,306528600
2024-12-23,136.279998779297,139.789993286133,135.119995117188,139.669998168945,139.30583190918,176053500
2024-12-24,140,141.899993896484,138.649993896484,140.220001220703,139.854400634766,105157000
2024-12-26,139.699996948242,140.850006103516,137.729995727539,139.929992675781,139.565155029297,116205600
2024-12-27,138.550003051758,139.020004272461,134.710006713867,137.009994506836,136.652755737305,170582600
2024-12-30,134.830001831055,140.270004272461,134.020004272461,137.490005493164,137.131530761719,167734700
2024-12-31,138.029998779297,138.070007324219,133.830001831055,134.289993286133,133.939849853516,155659200
2025-01-02,136,138.880004882812,134.630004882812,138.309997558594,137.949371337891,198247200
2025-01-03,140.009994506836,144.899993896484,139.729995727539,144.470001220703,144.093322753906,229322500
2025-01-06,148.589996337891,152.160003662109,147.820007324219,149.429992675781,149.04035949707,265377400
2025-01-07,153.029998779297,153.130004882812,140.009994506836,140.139999389648,139.774597167969,351782200
2025-01-08,142.580001831055,143.949996948242,137.559997558594,140.110000610352,139.744674682617,227349900
2025-01-10,137.449996948242,139.919998168945,134.220001220703,135.910003662109,135.555648803711,207602500
2025-01-13,129.990005493164,133.490005493164,129.509994506836,133.229995727539,132.882629394531,204808900
2025-01-14,136.050003051758,136.380004882812,130.050003051758,131.759994506836,131.416458129883,195590500
2025-01-15,133.649993896484,136.449996948242,131.289993286133,136.240005493164,135.884796142578,185217300
2025-01-16,138.639999389648,138.75,133.490005493164,133.570007324219,133.221740722656,209235600
2025-01-17,136.690002441406,138.5,135.460006713867,137.710006713867,137.350952148438,201188800
2025-01-21,139.160003662109,141.830001831055,137.089996337891,140.830001831055,140.462814331055,197749000
2025-01-22,144.660003662109,147.789993286133,143.669998168945,147.070007324219,146.686553955078,237651400
2025-01-23,145.050003051758,147.229995727539,143.720001220703,147.220001220703,146.836151123047,155915500
2025-01-24,148.369995117188,148.970001220703,141.880004882812,142.619995117188,142.248123168945,234657600
2025-01-27,124.800003051758,128.399993896484,116.699996948242,118.419998168945,118.111236572266,818830900
2025-01-28,121.809997558594,129,116.25,128.990005493164,128.653656005859,579666400
2025-01-29,126.5,126.889999389648,120.050003051758,123.699996948242,123.377471923828,467120600
2025-01-30,123.099998474121,125,118.099998474121,124.650001525879,124.324996948242,392925500
2025-01-31,123.779998779297,127.849998474121,119.190002441406,120.069999694824,119.756935119629,388161100
2025-02-03,114.75,118.569999694824,113.01000213623,116.660003662109,116.355834960938,371235700
2025-02-04,116.959999084473,121.199996948242,116.699996948242,118.650001525879,118.340637207031,256550000
2025-02-05,121.76000213623,125,120.76000213623,124.830001831055,124.504531860352,262230800
2025-02-06,127.419998168945,128.770004272461,125.209999084473,128.679992675781,128.344482421875,251483600
2025-02-07,129.220001220703,130.369995117188,125,129.839996337891,129.50146484375,228186300
2025-02-10,130.089996337891,135,129.960006713867,133.570007324219,133.221740722656,216989100
2025-02-11,132.580001831055,134.479995727539,131.020004272461,132.800003051758,132.453720092773,178902400
2025-02-12,130.020004272461,132.240005493164,129.080001831055,131.139999389648,130.798080444336,160278600
2025-02-13,131.559997558594,136.5,131.169998168945,135.289993286133,134.937225341797,197430000
2025-02-14,136.479995727539,139.25,135.5,138.850006103516,138.487976074219,195479600
2025-02-18,141.270004272461,143.440002441406,137.929992675781,139.399993896484,139.036529541016,219176600
2025-02-19,139.509994506836,141.360000610352,137.220001220703,139.229995727539,138.866973876953,167536000
2025-02-20,140.029998779297,140.660003662109,136.789993286133,140.110000610352,139.744674682617,143903600
2025-02-21,140.039993286133,141.460006713867,134.029998779297,134.429992675781,134.079483032227,228217600
2025-02-24,136.559997558594,138.589996337891,130.080001831055,130.279998779297,129.940322875977,251381100
2025-02-25,129.979995727539,130.199996948242,124.440002441406,126.629997253418,126.299819946289,271428700
2025-02-26,129.990005493164,133.729995727539,128.490005493164,131.279998779297,130.937728881836,322553800
2025-02-27,135,135.009994506836,120.01000213623,120.150001525879,119.836723327637,443175800
2025-02-28,118.019996643066,125.089996337891,116.400001525879,124.919998168945,124.594291687012,389091100
2025-03-03,123.51000213623,123.699996948242,112.279998779297,114.059997558594,113.762603759766,411381400
2025-03-04,110.650001525879,119.309997558594,110.110000610352,115.98999786377,115.687568664551,398163300
2025-03-05,117.580001831055,118.279998779297,114.51000213623,117.300003051758,116.994163513184,284337900
2025-03-06,113.529998779297,115.349998474121,110.220001220703,110.569999694824,110.281707763672,321181900
2025-03-07,111.25,113.480003356934,107.559997558594,112.690002441406,112.396186828613,341755500
2025-03-10,109.900001525879,111.849998474121,105.459999084473,106.980003356934,106.701065063477,366487400
2025-03-11,106.98999786377,112.23999786377,104.769996643066,108.76000213623,108.476425170898,354865700
2025-03-12,114.120002746582,116.76000213623,112.879997253418,115.73999786377,115.448837280273,323857500
2025-03-13,117.029998779297,117.76000213623,113.790000915527,115.580001831055,115.289260864258,299033100
2025-03-14,118.610000610352,121.879997253418,118.150001525879,121.669998168945,121.363922119141,277593500
2025-03-17,122.73999786377,122.889999389648,118.029998779297,119.529998779297,119.229316711426,255501500
2025-03-18,118,119.019996643066,114.540000915527,115.430000305176,115.139633178711,299686900
2025-03-19,117.269996643066,120.449996948242,115.680000305176,117.519996643066,117.224349975586,273426200
2025-03-20,116.550003051758,120.199996948242,116.470001220703,118.529998779297,118.231819152832,248829700
2025-03-21,116.940002441406,117.98999786377,115.419998168945,117.699996948242,117.403907775879,266498500
2025-03-24,119.879997253418,122.220001220703,119.339996337891,121.410003662109,121.104583740234,228452500
2025-03-25,120.550003051758,121.290000915527,118.919998168945,120.690002441406,120.386390686035,167447200
2025-03-26,118.730003356934,118.839996337891,112.709999084473,113.76000213623,113.473823547363,293463300
2025-03-27,111.349998474121,114.449996948242,110.660003662109,111.430000305176,111.149681091309,236902100
2025-03-28,111.48999786377,112.870002746582,109.069999694824,109.669998168945,109.394111633301,229872500
2025-03-31,105.129997253418,110.959999084473,103.650001525879,108.379997253418,108.107353210449,299212700
2025-04-01,108.519996643066,110.199996948242,106.470001220703,110.150001525879,109.872909545898,222614000
2025-04-02,107.290000915527,111.980003356934,106.790000915527,110.419998168945,110.142219543457,220601200
2025-04-03,103.51000213623,105.629997253418,101.599998474121,101.800003051758,101.543914794922,338769400
2025-04-04,98.9100036621094,100.129997253418,92.1100006103516,94.3099975585938,94.0727691650391,532273800
2025-04-07,87.4599990844727,101.75,86.620002746582,97.6399993896484,97.3943710327148,611041300
2025-04-08,103.809997558594,105.849998474121,94.4599990844727,96.3000030517578,96.0577545166016,476243400
2025-04-09,98.8899993896484,115.099998474121,97.5299987792969,114.330001831055,114.04239654541,612918300
2025-04-10,109.370002746582,110.860000610352,99.1500015258789,107.569999694824,107.29940032959,437812400
2025-04-11,108.5,111.550003051758,107.480003356934,110.930000305176,110.650947570801,313417300
2025-04-14,114.110000610352,114.290000915527,109.069999694824,110.709999084473,110.431503295898,264705000
2025-04-15,110.970001220703,113.620002746582,110.5,112.199996948242,111.917747497559,228966900
2025-04-16,104.550003051758,106.790000915527,100.449996948242,104.48999786377,104.227142333984,397016900
2025-04-17,104.449996948242,104.470001220703,100.050003051758,101.48999786377,101.234687805176,292517500
2025-04-21,98.7699966430664,99.4400024414062,95.0400009155273,96.9100036621094,96.6662139892578,288501100
2025-04-22,98.7799987792969,99.8099975585938,97.2799987792969,98.8899993896484,98.641227722168,241004800
2025-04-23,104.519996643066,104.800003051758,102.019996643066,102.709999084473,102.451614379883,247526000
2025-04-24,103.480003356934,106.540000915527,103.110000610352,106.430000305176,106.162261962891,220815000
2025-04-25,106.849998474121,111.919998168945,105.730003356934,111.01000213623,110.730735778809,251064700
2025-04-28,109.690002441406,110.370002746582,106.019996643066,108.730003356934,108.456481933594,207708500
2025-04-29,107.669998168945,110.199996948242,107.440002441406,109.019996643066,108.745750427246,170444300
2025-04-30,104.470001220703,108.919998168945,104.080001831055,108.919998168945,108.64599609375,235044600
2025-05-01,113.080001831055,114.940002441406,111.300003051758,111.610000610352,111.329238891602,236121500
2025-05-02,114.180000305176,115.400001525879,113.370002746582,114.5,114.211959838867,190194800
2025-05-05,112.910003662109,114.669998168945,112.660003662109,113.819999694824,113.533676147461,133163200
2025-05-06,111.480003356934,114.73999786377,110.819999694824,113.540000915527,113.254379272461,158525600
2025-05-07,113.050003051758,117.680000305176,112.279998779297,117.059997558594,116.765525817871,206758800
2025-05-08,118.25,118.680000305176,115.849998474121,117.370002746582,117.074745178223,198428100
2025-05-09,117.349998474121,118.230003356934,115.209999084473,116.650001525879,116.356567382812,132972200
2025-05-12,121.970001220703,123,120.279998779297,123,122.690574645996,225023300
2025-05-13,124.980003356934,131.220001220703,124.470001220703,129.929992675781,129.603134155273,330430100
2025-05-14,133.199996948242,135.440002441406,131.679992675781,135.339996337891,134.999542236328,281180800
2025-05-15,134.289993286133,136.300003051758,132.660003662109,134.830001831055,134.490829467773,226632600
2025-05-16,136.220001220703,136.350006103516,133.460006713867,135.399993896484,135.059387207031,226542500
2025-05-19,132.389999389648,135.869995117188,132.389999389648,135.570007324219,135.228958129883,193154600
2025-05-20,134.289993286133,134.580001831055,132.619995117188,134.380004882812,134.041976928711,161514200
2025-05-21,133.059997558594,137.399993896484,130.589996337891,131.800003051758,131.468460083008,270608700
2025-05-22,132.229995727539,134.25,131.550003051758,132.830001831055,132.495849609375,187344000
2025-05-23,130,132.679992675781,129.160003662109,131.289993286133,130.959716796875,198821300
2025-05-27,134.149993896484,135.660003662109,133.309997558594,135.5,135.159133911133,192953600
2025-05-28,136.029998779297,137.25,134.789993286133,134.809997558594,134.47087097168,304021100
2025-05-29,142.25,143.490005493164,137.910003662109,139.190002441406,138.839859008789,369241900
2025-05-30,138.720001220703,139.619995117188,132.919998168945,135.130004882812,134.790100097656,333170900
2025-06-02,135.490005493164,138.119995117188,135.399993896484,137.380004882812,137.034408569336,197663100
2025-06-03,138.779998779297,142,137.949996948242,141.220001220703,140.86474609375,225578800
2025-06-04,142.190002441406,142.389999389648,139.539993286133,141.919998168945,141.56298828125,167120800
2025-06-05,142.169998168945,144,138.830001831055,139.990005493164,139.637847900391,231397900
2025-06-06,142.509994506836,143.270004272461,141.509994506836,141.720001220703,141.363510131836,153986200
2025-06-09,143.190002441406,145,141.940002441406,142.630004882812,142.271179199219,185114500
2025-06-10,142.690002441406,144.289993286133,141.529998779297,143.960006713867,143.597854614258,155881900
2025-06-11,144.610000610352,144.990005493164,141.869995117188,142.830001831055,142.480590820312,167694000
2025-06-12,141.970001220703,145,141.850006103516,145,144.645278930664,162365000
2025-06-13,142.479995727539,143.580001831055,140.850006103516,141.970001220703,141.622711181641,180820600
2025-06-16,143.350006103516,146.179992675781,143.199996948242,144.690002441406,144.336044311523,183133700
2025-06-17,144.490005493164,145.220001220703,143.779998779297,144.119995117188,143.767440795898,139108000
2025-06-18,144.009994506836,145.649993896484,143.119995117188,145.479995727539,145.124114990234,161494100
2025-06-20,145.449996948242,146.199996948242,142.649993896484,143.850006103516,143.498107910156,242956200
2025-06-23,142.5,144.779998779297,142.029998779297,144.169998168945,143.817321777344,154308900
2025-06-24,145.559997558594,147.960006713867,145.5,147.899993896484,147.538192749023,187566100
2025-06-25,149.270004272461,154.449996948242,149.259994506836,154.309997558594,153.932510375977,269146500
2025-06-26,155.979995727539,156.720001220703,154,155.020004272461,154.640762329102,198145700
2025-06-27,156.039993286133,158.710006713867,155.259994506836,157.75,157.36408996582,263234500
2025-06-30,158.399993896484,158.660003662109,155.960006713867,157.990005493164,157.603515625,194580300
2025-07-01,156.289993286133,157.199996948242,151.490005493164,153.300003051758,152.924987792969,213143600
2025-07-02,152.979995727539,157.600006103516,152.970001220703,157.25,156.865310668945,171224100
2025-07-03,158.369995117188,160.979995727539,157.770004272461,159.339996337891,158.9501953125,143716100
2025-07-07,158.199996948242,159.309997558594,157.339996337891,158.240005493164,157.852905273438,140139000
2025-07-08,159.330001831055,160.220001220703,158.389999389648,160,159.608581542969,138133000
2025-07-09,161.220001220703,164.419998168945,161.160003662109,162.880004882812,162.481552124023,183656400
2025-07-10,164.320007324219,164.5,161.610000610352,164.100006103516,163.69856262207,167704100
2025-07-11,163.720001220703,167.889999389648,163.470001220703,164.919998168945,164.516555786133,193633300
2025-07-14,165.369995117188,165.490005493164,162.020004272461,164.070007324219,163.66862487793,136975800
2025-07-15,171.190002441406,172.399993896484,169.199996948242,170.699996948242,170.282409667969,230627400
2025-07-16,171.059997558594,171.75,168.899993896484,171.369995117188,170.950759887695,158831500
2025-07-17,172.020004272461,174.160003662109,170.830001831055,173,172.576797485352,160841100
2025-07-18,173.639999389648,174.25,171.259994506836,172.410003662109,171.988235473633,146456400
2025-07-21,172.75,173.380004882812,171,171.380004882812,170.960739135742,123126100
2025-07-22,171.339996337891,171.389999389648,164.580001831055,167.029998779297,166.621383666992,193114300
2025-07-23,169.529998779297,171.259994506836,167.970001220703,170.779998779297,170.362213134766,154082200
2025-07-24,172.440002441406,173.830001831055,171.300003051758,173.740005493164,173.314971923828,128984600
2025-07-25,173.610000610352,174.720001220703,172.960006713867,173.5,173.075561523438,122316800
2025-07-28,174.020004272461,177,173.970001220703,176.75,176.317611694336,140023500
2025-07-29,177.960006713867,179.380004882812,175.020004272461,175.509994506836,175.080642700195,154077500
2025-07-30,176.509994506836,179.889999389648,176.039993286133,179.270004272461,178.831451416016,174312200
2025-07-31,182.899993896484,183.300003051758,175.929992675781,177.869995117188,177.434875488281,221685400
2025-08-01,174.089996337891,176.539993286133,170.889999389648,173.720001220703,173.295028686523,204529000
2025-08-04,175.160003662109,180.199996948242,174.520004272461,180,179.559646606445,148174600
2025-08-05,179.619995117188,180.259994506836,175.899993896484,178.259994506836,177.82389831543,156407600
2025-08-06,176.330001831055,179.899993896484,176.25,179.419998168945,178.981079101562,137192300
2025-08-07,181.570007324219,183.880004882812,178.800003051758,180.770004272461,180.327789306641,151878400
2025-08-08,181.550003051758,183.300003051758,180.399993896484,182.699996948242,182.253051757812,123396700
2025-08-11,182.050003051758,183.839996337891,180.25,182.059997558594,181.614624023438,138323200
2025-08-12,182.960006713867,184.479995727539,179.460006713867,183.160003662109,182.711944580078,145485700
2025-08-13,182.619995117188,183.970001220703,179.350006103516,181.589996337891,181.145767211914,179871700
2025-08-14,179.75,183.020004272461,179.460006713867,182.020004272461,181.574722290039,129554000
2025-08-15,181.880004882812,181.899993896484,178.039993286133,180.449996948242,180.008544921875,156602200
2025-08-18,180.600006103516,182.940002441406,180.589996337891,182.009994506836,181.564743041992,132008000
2025-08-19,182.429992675781,182.5,175.490005493164,175.639999389648,175.210327148438,185229200
2025-08-20,175.169998168945,176,168.800003051758,175.399993896484,174.970901489258,215142700
2025-08-21,174.850006103516,176.899993896484,173.809997558594,174.979995727539,174.551940917969,140040900
2025-08-22,172.610000610352,178.589996337891,171.199996948242,177.990005493164,177.554580688477,172789400
2025-08-25,178.350006103516,181.910003662109,176.570007324219,179.809997558594,179.370132446289,163012800
2025-08-26,180.059997558594,182.389999389648,178.809997558594,181.770004272461,181.325332641602,168688200
2025-08-27,181.979995727539,182.490005493164,179.100006103516,181.600006103516,181.155731201172,235518900
2025-08-28,180.820007324219,184.470001220703,176.410003662109,180.169998168945,179.729232788086,281787800
2025-08-29,178.110000610352,178.149993896484,173.149993896484,174.179992675781,173.753890991211,243257900
2025-09-02,170,172.380004882812,167.220001220703,170.779998779297,170.362213134766,231164900
2025-09-03,171.059997558594,172.410003662109,168.880004882812,170.619995117188,170.202590942383,164424900
2025-09-04,170.570007324219,171.860000610352,169.410003662109,171.660003662109,171.24006652832,141670100
2025-09-05,168.029998779297,169.029998779297,164.070007324219,167.020004272461,166.611404418945,224441400
2025-09-08,167.550003051758,170.960006713867,167.350006103516,168.309997558594,167.898239135742,163769100
2025-09-09,169.089996337891,170.979995727539,166.740005493164,170.759994506836,170.342254638672,157548400
2025-09-10,176.639999389648,179.289993286133,175.470001220703,177.330001831055,176.896209716797,226852000
2025-09-11,179.679992675781,180.279998779297,176.479995727539,177.169998168945,176.746536254883,151159300
2025-09-12,177.770004272461,178.600006103516,176.449996948242,177.820007324219,177.39501953125,124911000
2025-09-15,175.669998168945,178.850006103516,174.509994506836,177.75,177.325164794922,147061600
2025-09-16,177,177.5,174.380004882812,174.880004882812,174.462036132812,140737800
2025-09-17,172.639999389648,173.199996948242,168.410003662109,170.289993286133,169.882965087891,211843800
2025-09-18,173.979995727539,177.100006103516,172.960006713867,176.240005493164,175.818771362305,191763300
2025-09-19,175.770004272461,178.080001831055,175.179992675781,176.669998168945,176.247741699219,237182100
2025-09-22,175.300003051758,184.550003051758,174.710006713867,183.610000610352,183.171157836914,269637000
2025-09-23,181.970001220703,182.419998168945,176.210006713867,178.429992675781,178.003540039062,192559600
2025-09-24,179.770004272461,179.779998779297,175.399993896484,176.970001220703,176.547027587891,143564100
2025-09-25,174.479995727539,180.259994506836,173.130004882812,177.690002441406,177.265289306641,191586700
2025-09-26,178.169998168945,179.770004272461,174.929992675781,178.190002441406,177.764114379883,148573700
2025-09-29,180.429992675781,184,180.320007324219,181.850006103516,181.41535949707,193063500
2025-09-30,182.080001831055,187.350006103516,181.479995727539,186.580001831055,186.134063720703,236981000
2025-10-01,185.240005493164,188.139999389648,183.899993896484,187.240005493164,186.792495727539,173844900
2025-10-02,189.600006103516,191.050003051758,188.059997558594,188.889999389648,188.438552856445,136805800
2025-10-03,189.190002441406,190.360000610352,185.380004882812,187.619995117188,187.171569824219,137596900
2025-10-06,185.5,187.229995727539,183.330001831055,185.539993286133,185.096527099609,157678100
2025-10-07,186.229995727539,189.059997558594,184,185.039993286133,184.597732543945,140088000
2025-10-08,186.570007324219,189.600006103516,186.539993286133,189.110000610352,188.658020019531,130168900
2025-10-09,192.229995727539,195.300003051758,191.059997558594,192.570007324219,192.109756469727,182997200
2025-10-10,193.509994506836,195.619995117188,182.050003051758,183.160003662109,182.722244262695,268774400
2025-10-13,187.970001220703,190.110000610352,185.960006713867,188.320007324219,187.869918823242,153482800
2025-10-14,184.770004272461,184.800003051758,179.699996948242,180.029998779297,179.599716186523,205641400
2025-10-15,184.800003051758,184.869995117188,177.289993286133,179.830001831055,179.400192260742,214450500
2025-10-16,182.229995727539,183.279998779297,179.770004272461,181.809997558594,181.375442504883,179723300
2025-10-17,180.179992675781,184.100006103516,179.75,183.220001220703,182.782089233398,173135200
2025-10-20,183.130004882812,185.199996948242,181.729995727539,182.639999389648,182.203475952148,128544700
2025-10-21,182.789993286133,182.789993286133,179.800003051758,181.160003662109,180.727020263672,124240200
2025-10-22,181.139999389648,183.440002441406,176.759994506836,180.279998779297,179.849105834961,162249600
2025-10-23,180.419998168945,183.029998779297,179.789993286133,182.160003662109,181.724624633789,111363700
2025-10-24,183.839996337891,187.470001220703,183.5,186.259994506836,185.814804077148,131296700
2025-10-27,189.990005493164,192,188.429992675781,191.490005493164,191.032318115234,153452700
2025-10-28,193.050003051758,203.149993896484,191.910003662109,201.029998779297,200.549530029297,297986200
2025-10-29,207.979995727539,212.190002441406,204.779998779297,207.039993286133,206.545135498047,308829600
2025-10-30,205.149993896484,206.160003662109,201.410003662109,202.889999389648,202.405075073242,178864400
2025-10-31,206.449996948242,207.970001220703,202.070007324219,202.490005493164,202.006042480469,179802200
2025-11-03,208.080001831055,211.339996337891,205.559997558594,206.880004882812,206.385543823242,180267300
2025-11-04,203,203.970001220703,197.929992675781,198.690002441406,198.215118408203,188919300
2025-11-05,198.770004272461,202.919998168945,194.649993896484,195.210006713867,194.743438720703,171350300
2025-11-06,196.419998168945,197.619995117188,186.380004882812,188.080001831055,187.630477905273,223029800
2025-11-07,184.899993896484,188.320007324219,178.910003662109,188.149993896484,187.700286865234,264942300
2025-11-10,195.110000610352,199.940002441406,193.789993286133,199.050003051758,198.574279785156,198897100
2025-11-11,195.160003662109,195.419998168945,191.300003051758,193.160003662109,192.698333740234,176483300
2025-11-12,195.720001220703,195.889999389648,191.130004882812,193.800003051758,193.336807250977,154935300
2025-11-13,191.050003051758,191.440002441406,183.850006103516,186.860000610352,186.41340637207,207423100
2025-11-14,182.860000610352,191.009994506836,180.580001831055,190.169998168945,189.715469360352,186591900
2025-11-17,185.970001220703,189,184.320007324219,186.600006103516,186.154022216797,173628900
2025-11-18,183.380004882812,184.800003051758,179.649993896484,181.360000610352,180.926528930664,213598900
2025-11-19,184.789993286133,187.860000610352,182.830001831055,186.520004272461,186.074203491211,247246400
2025-11-20,195.949996948242,196,179.850006103516,180.639999389648,180.208267211914,343504800
2025-11-21,181.240005493164,184.559997558594,172.929992675781,178.880004882812,178.45246887207,346926200
2025-11-24,179.490005493164,183.5,176.479995727539,182.550003051758,182.113693237305,256618300
2025-11-25,174.910003662109,178.160003662109,169.550003051758,177.820007324219,177.39501953125,320600300
2025-11-26,181.630004882812,182.910003662109,178.240005493164,180.259994506836,179.829162597656,183852000
2025-11-28,179.009994506836,179.289993286133,176.5,177,176.576965332031,121332800
2025-12-01,174.759994506836,180.300003051758,173.679992675781,179.919998168945,179.489959716797,188131000
2025-12-02,181.759994506836,185.660003662109,180,181.460006713867,181.026306152344,182632200
2025-12-03,181.080001831055,182.449996948242,179.110000610352,179.589996337891,179.160781860352,165138000
2025-12-04,181.619995117188,184.520004272461,179.960006713867,183.380004882812,182.951889038086,167364900
2025-12-05,183.889999389648,184.660003662109,180.910003662109,182.410003662109,181.984146118164,143971100
2025-12-08,182.639999389648,188,182.399993896484,185.550003051758,185.116821289062,204378100
2025-12-09,185.559997558594,185.720001220703,183.320007324219,184.970001220703,184.538177490234,144719700
2025-12-10,184.970001220703,185.479995727539,182.039993286133,183.779998779297,183.350967407227,162785400
2025-12-11,180.279998779297,181.320007324219,176.619995117188,180.929992675781,180.507614135742,182136600
2025-12-12,181.110000610352,182.820007324219,174.619995117188,175.020004272461,174.611419677734,204274900
2025-12-15,177.940002441406,178.419998168945,175.029998779297,176.289993286133,175.878433227539,164775600
2025-12-16,176.259994506836,178.490005493164,174.899993896484,177.720001220703,177.305099487305,148588100
2025-12-17,176.100006103516,176.130004882812,170.309997558594,170.940002441406,170.540939331055,222775500
2025-12-18,174.529998779297,176.149993896484,171.820007324219,174.139999389648,173.733459472656,176096000
2025-12-19,176.669998168945,181.449996948242,176.339996337891,180.990005493164,180.567474365234,324925900
2025-12-22,183.919998168945,184.160003662109,182.350006103516,183.690002441406,183.261169433594,129064400
2025-12-23,182.970001220703,189.330001831055,182.899993896484,189.210006713867,188.768280029297,174873600
2025-12-24,187.940002441406,188.910003662109,186.589996337891,188.610000610352,188.169677734375,65528500
2025-12-26,189.919998168945,192.690002441406,188,190.529998779297,190.085205078125,139740300
2025-12-29,187.710006713867,188.759994506836,185.910003662109,188.220001220703,187.78059387207,120006100
2025-12-30,188.240005493164,188.990005493164,186.929992675781,187.539993286133,187.102172851562,97687300
2025-12-31,189.570007324219,190.559997558594,186.490005493164,186.5,186.064605712891,120100500
2026-01-02,189.839996337891,192.929992675781,188.259994506836,188.850006103516,188.409133911133,148240500
2026-01-05,191.759994506836,193.630004882812,186.149993896484,188.119995117188,187.680816650391,183529700
2026-01-06,190.520004272461,192.169998168945,186.820007324219,187.240005493164,186.802886962891,176862600
2026-01-07,188.570007324219,191.369995117188,186.559997558594,189.110000610352,188.668518066406,153543200
2026-01-08,189.110000610352,189.550003051758,183.710006713867,185.039993286133,184.608016967773,172457000
2026-01-09,185.080001831055,186.339996337891,183.669998168945,184.860000610352,184.428436279297,131327500
2026-01-12,183.220001220703,187.119995117188,183.020004272461,184.940002441406,184.508255004883,137968500
2026-01-13,185,188.110000610352,183.399993896484,185.809997558594,185.376205444336,160128900
2026-01-14,184.320007324219,184.460006713867,180.800003051758,183.139999389648,182.712448120117,159586100
2026-01-15,186.5,189.699996948242,186.330001831055,187.050003051758,186.613327026367,206188600
2026-01-16,189.080001831055,190.440002441406,186.080001831055,186.229995727539,185.79524230957,187967200
2026-01-20,181.899993896484,182.380004882812,177.610000610352,178.070007324219,177.654296875,223345300
2026-01-21,179.050003051758,185.380004882812,178.399993896484,183.320007324219,182.892044067383,200381000
2026-01-22,184.75,186.169998168945,183.929992675781,184.839996337891,184.408477783203,139636600
2026-01-23,187.5,189.600006103516,186.820007324219,187.669998168945,187.231872558594,142748100
2026-01-26,187.160003662109,189.119995117188,185.990005493164,186.470001220703,186.034683227539,124799600
2026-01-27,187.240005493164,190,185.699996948242,188.520004272461,188.079895019531,143711600
2026-01-28,191.270004272461,192.350006103516,189.839996337891,191.520004272461,191.072891235352,148552700
2026-01-29,191.339996337891,193.479995727539,186.059997558594,192.509994506836,192.060577392578,171764400
2026-01-30,191.210006713867,194.490005493164,189.470001220703,191.130004882812,190.683807373047,179489500
2026-02-02,187.199996948242,190.300003051758,184.880004882812,185.610000610352,185.176681518555,165794100
2026-02-03,186.240005493164,186.270004272461,176.229995727539,180.339996337891,179.918991088867,204019600
2026-02-04,179.460006713867,179.580001831055,171.910003662109,174.190002441406,173.783355712891,207014100
2026-02-05,174.929992675781,176.820007324219,171.029998779297,171.880004882812,171.478744506836,206312900
2026-02-06,176.690002441406,187,174.600006103516,185.410003662109,184.977157592773,231346200
2026-02-09,184.259994506836,193.660003662109,183.949996948242,190.039993286133,189.596328735352,196387400
2026-02-10,191.380004882812,192.479995727539,188.119995117188,188.539993286133,188.099838256836,136764800
2026-02-11,192.449996948242,193.259994506836,188.770004272461,190.050003051758,189.606323242188,144192700
2026-02-12,193.029998779297,193.610000610352,186.509994506836,186.940002441406,186.50358581543,189932500
2026-02-13,187.479995727539,187.5,181.589996337891,182.809997558594,182.383209228516,161888000
2026-02-17,181.75,187.149993896484,179.179992675781,184.970001220703,184.538177490234,162276900
2026-02-18,188.75,190.369995117188,186.759994506836,187.979995727539,187.541137695312,164749100
2026-02-19,187.059997558594,188.429992675781,185.660003662109,187.899993896484,187.461334228516,126554500
2026-02-20,186.570007324219,190.330001831055,185.940002441406,189.820007324219,189.376861572266,178422300
2026-02-23,191.399993896484,193.949996948242,189.580001831055,191.550003051758,191.102813720703,171584800
2026-02-24,191.490005493164,193.770004272461,187.399993896484,192.850006103516,192.399795532227,175123600
2026-02-25,194.449996948242,197.630004882812,193.789993286133,195.559997558594,195.103454589844,250637100
2026-02-26,194.270004272461,194.289993286133,184.320007324219,184.889999389648,184.458374023438,360807900
2026-02-27,181.25,182.589996337891,176.380004882812,177.190002441406,176.776351928711,311636500
2026-03-02,175.009994506836,183.460006713867,174.639999389648,182.479995727539,182.053985595703,209095300
2026-03-03,178.490005493164,180.899993896484,176.919998168945,180.050003051758,179.629669189453,178099400
2026-03-04,180.440002441406,184.699996948242,180.059997558594,183.039993286133,182.612670898438,177731200
2026-03-05,181.169998168945,184.059997558594,177.880004882812,183.339996337891,182.911972045898,198779700
2026-03-06,179.839996337891,182.759994506836,176.820007324219,177.820007324219,177.404891967773,189021900
2026-03-09,176.830001831055,182.910003662109,175.559997558594,182.649993896484,182.223602294922,177213600
2026-03-10,182.399993896484,186.440002441406,182.009994506836,184.770004272461,184.338653564453,179118500
2026-03-11,185.910003662109,187.619995117188,184.449996948242,186.029998779297,185.605743408203,145280400
2026-03-12,184.050003051758,184.940002441406,181.75,183.139999389648,182.72233581543,155762700
2026-03-13,184.919998168945,186.089996337891,179.940002441406,180.25,179.838943481445,160988400
2026-03-16,182.970001220703,188.880004882812,181.410003662109,183.220001220703,182.802154541016,217307400
2026-03-17,185.059997558594,185.399993896484,181.679992675781,181.929992675781,181.515106201172,182497800
2026-03-18,182.479995727539,183.380004882812,180.330001831055,180.399993896484,179.988586425781,156683100
2026-03-19,178.009994506836,179.979995727539,175.789993286133,178.559997558594,178.152770996094,170968500
2026-03-20,178,178.259994506836,171.720001220703,172.699996948242,172.30615234375,241323500
2026-03-23,177.259994506836,178.369995117188,174.759994506836,175.639999389648,175.239440917969,182836300
2026-03-24,174.830001831055,176.220001220703,173.979995727539,175.199996948242,174.800445556641,147667800
2026-03-25,177.100006103516,181.220001220703,176.850006103516,178.679992675781,178.272506713867,162602100
2026-03-26,176.070007324219,176.509994506836,171.139999389648,171.240005493164,170.849487304688,186152200
2026-03-27,170,170.970001220703,167.009994506836,167.520004272461,167.137969970703,196212700
2026-03-30,168.779998779297,169.449996948242,164.270004272461,165.169998168945,164.793319702148,185627000
2026-03-31,166.970001220703,174.619995117188,166.960006713867,174.399993896484,174.002258300781,226181300
2026-04-01,176,177.369995117188,174.75,175.75,175.349182128906,168132000
2026-04-02,172.179992675781,177.490005493164,171.369995117188,177.389999389648,176.985458374023,143143200
2026-04-06,177.160003662109,177.789993286133,175.759994506836,177.639999389648,177.234878540039,107564300
2026-04-07,175.729995727539,178.229995727539,173.660003662109,178.100006103516,177.693832397461,132534900
2026-04-08,184.5,185.259994506836,180.300003051758,182.080001831055,181.664764404297,147732700
2026-04-09,181.839996337891,184.080001831055,180.619995117188,183.910003662109,183.490600585938,116428500
2026-04-10,184.309997558594,190,184.300003051758,188.630004882812,188.199829101562,160459500
2026-04-13,186.029998779297,189.660003662109,185.740005493164,189.309997558594,188.878265380859,133648200
2026-04-14,190.839996337891,196.509994506836,190.770004272461,196.509994506836,196.06184387207,161307000
2026-04-15,196.539993286133,200.399993896484,195.740005493164,198.869995117188,198.416473388672,185338400
2026-04-16,197.429992675781,199.850006103516,195.809997558594,198.350006103516,197.897659301758,134012900
2026-04-17,199.899993896484,201.699996948242,199.270004272461,201.679992675781,201.22004699707,160324400
2026-04-20,199.979995727539,202.169998168945,197.839996337891,202.059997558594,201.599182128906,119381400
2026-04-21,202.130004882812,202.75,199,199.880004882812,199.424179077148,107945300
2026-04-22,200.990005493164,202.5,199,202.5,202.038192749023,107501000
2026-04-23,202.460006713867,203.830001831055,197.220001220703,199.639999389648,199.184707641602,113561800
2026-04-24,199.960006713867,210.949996948242,199.809997558594,208.270004272461,207.795028686523,214134400
2026-04-27,209.649993896484,216.830001831055,207.380004882812,216.610000610352,216.116012573242,187172400
2026-04-28,209.490005493164,214.729995727539,208.199996948242,213.169998168945,212.683853149414,180275400
2026-04-29,212.699996948242,212.720001220703,207.580001831055,209.25,208.772796630859,123711800
2026-04-30,209.929992675781,210.300003051758,198.699996948242,199.570007324219,199.114868164062,225239200
2026-05-01,201.279998779297,203,197.119995117188,198.449996948242,197.997436523438,128647000
2026-05-04,199.5,201.729995727539,194.740005493164,198.479995727539,198.02734375,125368100
2026-05-05,199.300003051758,200.240005493164,196.029998779297,196.5,196.051864624023,113406600
2026-05-06,199.889999389648,208.270004272461,198.610000610352,207.830001831055,207.356033325195,188362800
2026-05-07,208.339996337891,214.199996948242,206.5,211.5,211.017669677734,168307900
2026-05-08,213.029998779297,217.800003051758,212.889999389648,215.199996948242,214.709228515625,136421400
2026-05-11,214.039993286133,222.300003051758,213.889999389648,219.440002441406,218.939559936523,160685800
2026-05-12,218.550003051758,223.75,214.919998168945,220.779998779297,220.276504516602,159176600
2026-05-13,224.929992675781,227.839996337891,221.570007324219,225.830001831055,225.314987182617,150405400
2026-05-14,229.850006103516,236.539993286133,229.300003051758,235.740005493164,235.202392578125,180782900
2026-05-15,229.759994506836,231.5,224.240005493164,225.320007324219,224.80615234375,180977600
2026-05-18,229.869995117188,230,218.369995117188,222.320007324219,221.813003540039,146280900
2026-05-19,219.619995117188,224.479995727539,217.910003662109,220.610000610352,220.106887817383,140948200
2026-05-20,223.179992675781,226.130004882812,220.5,223.470001220703,222.960372924805,184201600
2026-05-21,222.289993286133,227.399993896484,217.929992675781,219.509994506836,219.009399414062,203381800
2026-05-22,220.899993896484,221.009994506836,214.800003051758,215.330001831055,214.838928222656,169275700
2026-05-26,216.539993286133,218.179992675781,212,214.860000610352,214.370010375977,187202600
2026-05-27,214.119995117188,214.149993896484,208.779998779297,212.600006103516,212.115158081055,167601200
2026-05-28,211.279998779297,215.520004272461,211.220001220703,214.25,213.76139831543,143996000
2026-05-29,214.580001831055,217.860000610352,211.130004882812,211.139999389648,210.658493041992,289410600
2026-06-01,215.729995727539,224.869995117188,215.699996948242,224.360000610352,223.848342895508,212850700
2026-06-02,227.179992675781,232.279998779297,221.350006103516,222.820007324219,222.31184387207,193362900
2026-06-03,221.720001220703,222.820007324219,214.509994506836,214.75,214.26025390625,160907000
2026-06-04,213.910003662109,221.600006103516,210.970001220703,218.660003662109,218.415603637695,169022200
2026-06-05,214.529998779297,214.869995117188,204.330001831055,205.100006103516,204.870758056641,219655500
2026-06-08,210.179992675781,210.470001220703,206,208.639999389648,208.406799316406,138372800
2026-06-09,210.619995117188,211.399993896484,199.339996337891,208.190002441406,207.957305908203,180962500
2026-06-10,204.429992675781,207.220001220703,199.919998168945,200.419998168945,200.195983886719,161746600
2026-06-11,201.490005493164,205.660003662109,199.539993286133,204.869995117188,204.641006469727,158643200
2026-06-12,204.860000610352,207.070007324219,203.440002441406,205.190002441406,204.960662841797,112001800
2026-06-15,208.919998168945,212.710006713867,208.339996337891,212.449996948242,212.212539672852,149936700
2026-06-16,211.179992675781,211.490005493164,207.289993286133,207.410003662109,207.178176879883,125694100
2026-06-17,208.529998779297,209.210006713867,203.080001831055,204.649993896484,204.421249389648,128363500
2026-06-18,207.330001831055,211.389999389648,206.5,210.690002441406,210.454513549805,241272000
2026-06-22,211.440002441406,213.990005493164,207.720001220703,208.649993896484,208.416778564453,122041400
2026-06-23,202.169998168945,203.770004272461,200,200.039993286133,199.81640625,153496200
2026-06-24,200.119995117188,201.669998168945,196.580001831055,199,198.777572631836,151810700
2026-06-25,200.080001831055,200.800003051758,192.130004882812,195.740005493164,195.521224975586,149550000
2026-06-26,193.119995117188,195.550003051758,191.220001220703,192.529998779297,192.314804077148,179304100
2026-06-29,193.850006103516,196.179992675781,189.800003051758,194.970001220703,194.752075195312,148835700
2026-06-30,197.240005493164,200.630004882812,195.110000610352,200.089996337891,199.866348266602,166476700
2026-07-01,196.199996948242,199.850006103516,193.449996948242,197.580001831055,197.359161376953,146147600
2026-07-02,197.139999389648,200.059997558594,192.350006103516,194.830001831055,194.612243652344,142068700
2026-07-06,194.419998168945,197.550003051758,193.990005493164,195.550003051758,195.331436157227,108999000
2026-07-07,192.369995117188,198.410003662109,191.139999389648,196.929992675781,196.709884643555,124154600
2026-07-08,195.179992675781,205.160003662109,195.059997558594,204.119995117188,203.891845703125,147419100
2026-07-09,204.460006713867,204.589996337891,198.960006713867,202.779998779297,202.553344726562,132037400
2026-07-10,202,211,201.919998168945,210.960006713867,210.724212646484,148421000
2026-07-13,208.539993286133,210.570007324219,203,203.529998779297,203.302505493164,121411000
2026-07-14,208.199996948242,212.550003051758,203.800003051758,211.800003051758,211.563278198242,124379600
2026-07-15,211.960006713867,213.809997558594,206.039993286133,212.5,212.262481689453,124797200
2026-07-16,210.169998168945,211.080001831055,205.850006103516,207.399993896484,207.168182373047,122986100
2026-07-17,202.639999389648,206.649993896484,197.970001220703,202.809997558594,202.583312988281,144281900
2026-07-20,205.869995117188,207.740005493164,202.279998779297,203.279998779297,203.052795410156,88701500
2026-07-21,207.539993286133,208.649993896484,204.009994506836,207.289993286133,207.058303833008,108685600
2026-07-22,205.809997558594,214.389999389648,204.949996948242,212.059997558594,211.822982788086,137645600
2026-07-23,209.460006713867,210.869995117188,205.960006713867,208.759994506836,208.526657104492,110505300
2026-07-24,207.449996948242,211.910003662109,204.809997558594,206.839996337891,206.608810424805,114836800
2026-07-27,208.199996948242,208.75,195.440002441406,196.509994506836,196.29035949707,154353700
2026-07-28,195,198.699996948242,192.740005493164,197.009994506836,196.789794921875,134111500
2026-07-29,195.850006103516,197.070007324219,190.009994506836,190.009994506836,189.797622680664,147680800
2026-07-30,193.449996948242,197.25,191.520004272461,195.039993286133,194.821990966797,129010200
2026-07-31,198.440002441406,202,194.949996948242,200.75,200.525619506836,139961200
2026-08-03,197.690002441406,208.740005493164,196.850006103516,206.639999389648,206.409042358398,128406900
2026-08-04,211.300003051758,213.059997558594,209.050003051758,211.940002441406,211.703109741211,134922000
2026-08-05,216.860000610352,222.220001220703,216.399993896484,219.220001220703,218.974975585938,158187400
2026-08-06,221.529998779297,223.630004882812,217,218.990005493164,218.745239257812,113940600
2026-08-07,221.539993286133,224.759994506836,220.660003662109,223.960006713867,223.709686279297,105669400
2026-08-10,223.399993896484,224.139999389648,216.770004272461,217.550003051758,217.306838989258,115846600
2026-08-11,222.169998168945,222.199996948242,216.199996948242,217.5,217.256896972656,101273100
2026-08-12,221.039993286133,225.100006103516,220.199996948242,224.089996337891,223.83952331543,108783600
2026-08-13,225.059997558594,227.229995727539,223.710006713867,225.300003051758,225.048187255859,98867200
2026-08-14,226.770004272461,227.490005493164,224.5,225.160003662109,224.908340454102,75680900
2026-08-17,225.979995727539,227.919998168945,224.860000610352,225.009994506836,224.758499145508,93678700
2026-08-18,220.449996948242,221.639999389648,218.690002441406,219.740005493164,219.494400024414,103128200
2026-08-19,221.669998168945,222.869995117188,216.759994506836,217.559997558594,217.316833496094,96797300
2026-08-20,218.360000610352,219.860000610352,215.660003662109,216.850006103516,216.607635498047,92457000
2026-08-21,218.419998168945,218.740005493164,214.5,214.720001220703,214.480010986328,98869300
2026-08-24,215.529998779297,215.589996337891,207.25,208.479995727539,208.246978759766,135187300
2026-08-25,211.029998779297,214.729995727539,210.110000610352,213.050003051758,212.811874389648,122309000
2026-08-26,212.639999389648,213.600006103516,209.229995727539,209.660003662109,209.425659179688,179900000
2026-08-27,222.860000610352,230.470001220703,220.899993896484,227.979995727539,227.725173950195,298909800
2026-08-28,227.360000610352,229.259994506836,216.809997558594,217.550003051758,217.306838989258,195116400
2026-08-31,218.869995117188,221.300003051758,216.210006713867,220.779998779297,220.533233642578,124702700
2026-09-01,216.75,220.410003662109,215.100006103516,217.440002441406,217.196975708008,109756200
2026-09-02,218.789993286133,227.949996948242,218.479995727539,224.410003662109,224.1591796875,157104700
2026-09-03,226.020004272461,230.399993896484,224.75,228.449996948242,228.19465637207,134681600
2026-09-04,231.089996337891,234.759994506836,229.630004882812,230.360000610352,230.102523803711,135352400
2026-09-08,233.110000610352,233.710006713867,224.850006103516,225.729995727539,225.477691650391,122965600
2026-09-09,225.279998779297,226.179992675781,223.460006713867,223.669998168945,223.419998168945,82955500
2026-09-10,220.529998779297,220.990005493164,217.199996948242,218.360000610352,218.360000610352,105768000
2026-09-11,221.240005493164,222,218.149993896484,218.289993286133,218.289993286133,89060100
2026-09-14,211.240005493164,212.770004272461,208.929992675781,210.960006713867,210.960006713867,132267200
2026-09-15,213.380004882812,213.940002441406,211.160003662109,212.169998168945,212.169998168945,88059700
2026-09-16,214.139999389648,216.759994506836,212.5,213.899993896484,213.899993896484,96563600
2026-09-17,218.380004882812,219.910003662109,217.149993896484,219.339996337891,219.339996337891,94191300
2026-09-18,219.350006103516,222.729995727539,218.029998779297,222.270004272461,222.270004272461,190287400
2026-09-21,222.940002441406,228.5,221.559997558594,227.380004882812,227.380004882812,109806100
2026-09-22,226.850006103516,229.979995727539,226.5,228.869995117188,228.869995117188,95746700
2026-09-23,228.029998779297,228.949996948242,224.020004272461,225.509994506836,225.509994506836,89547300
2026-09-24,222.080001831055,224.940002441406,221.089996337891,224.580001831055,224.580001831055,77469900
2026-09-25,225.130004882812,226.940002441406,223.130004882812,225.070007324219,225.070007324219,89947700
2026-09-28,229.75,233.210006713867,228.039993286133,228.860000610352,228.860000610352,142344300
2026-09-29,230.970001220703,232.820007324219,227.029998779297,227.210006713867,227.210006713867,101494900
2026-09-30,229.270004272461,232.369995117188,228.169998168945,228.380004882812,228.380004882812,121732200
2026-10-01,229.979995727539,232.289993286133,228.160003662109,230.860000610352,230.860000610352,98591400
2026-10-02,236.059997558594,237.880004882812,233.600006103516,233.949996948242,233.949996948242,134914600
2026-10-05,236.070007324219,237.779998779297,235.149993896484,237.039993286133,237.039993286133,11489822
