"Date","Open","High","Low","Close","Adj Close","Volume"
2021-10-06,258.733337402344,262.220001220703,257.739990234375,260.916656494141,260.916656494141,43898400
2021-10-07,261.820007324219,268.333343505859,261.126678466797,264.536682128906,264.536682128906,57587400
2021-10-08,265.4033203125,265.459991455078,260.303344726562,261.829986572266,261.829986572266,50215800
2021-10-11,262.549987792969,267.079986572266,261.833343505859,263.980010986328,263.980010986328,42600900
2021-10-12,266.976654052734,270.773345947266,265.523345947266,268.573333740234,268.573333740234,66060000
2021-10-13,270.156677246094,271.803344726562,268.593322753906,270.359985351562,270.359985351562,42360300
2021-10-14,271.829986572266,273.416656494141,271.116668701172,272.773345947266,272.773345947266,36741600
2021-10-15,274.579986572266,281.070007324219,274.116668701172,281.010009765625,281.010009765625,56773800
2021-10-18,283.929992675781,291.753326416016,283.823333740234,290.036682128906,290.036682128906,72621600
2021-10-19,292.510009765625,292.649993896484,287.503326416016,288.089996337891,288.089996337891,52143300
2021-10-20,288.450012207031,289.829986572266,285.793334960938,288.600006103516,288.600006103516,42096300
2021-10-21,285.333343505859,300,285.166656494141,298,298,94444500
2021-10-22,298.5,303.333343505859,296.986663818359,303.226654052734,303.226654052734,68642400
2021-10-25,316.843322753906,348.339996337891,314.733337402344,341.619995117188,341.619995117188,188556300
2021-10-26,341.563323974609,364.980010986328,333.813323974609,339.476654052734,339.476654052734,187245000
2021-10-27,346.553344726562,356.959991455078,343.593322753906,345.953338623047,345.953338623047,115579500
2021-10-28,356.103332519531,360.333343505859,351.399993896484,359.013336181641,359.013336181641,81639600
2021-10-29,360.619995117188,371.736663818359,357.736663818359,371.333343505859,371.333343505859,89755200
2021-11-01,381.666656494141,403.25,372.886657714844,402.863342285156,402.863342285156,168146100
2021-11-02,386.453338623047,402.863342285156,382,390.666656494141,390.666656494141,128213400
2021-11-03,392.443328857422,405.130004882812,384.206665039062,404.619995117188,404.619995117188,103885500
2021-11-04,411.470001220703,414.496673583984,405.666656494141,409.970001220703,409.970001220703,76192200
2021-11-05,409.333343505859,413.290008544922,402.666656494141,407.363342285156,407.363342285156,64886400
2021-11-08,383.263336181641,399,377.666656494141,387.646667480469,387.646667480469,100337100
2021-11-09,391.200012207031,391.5,337.17333984375,341.166656494141,341.166656494141,177317400
2021-11-10,336.803344726562,359.366668701172,329.103332519531,355.983337402344,355.983337402344,128408100
2021-11-11,367.589996337891,368.323333740234,351.559997558594,354.503326416016,354.503326416016,67189800
2021-11-12,349.166656494141,351.5,339.733337402344,344.473327636719,344.473327636719,76719300
2021-11-15,339.209991455078,343.993347167969,326.200012207031,337.796661376953,337.796661376953,104326800
2021-11-16,334.436676025391,352.399993896484,334.059997558594,351.57666015625,351.57666015625,79627200
2021-11-17,354.503326416016,373.213317871094,351.833343505859,363.003326416016,363.003326416016,94336200
2021-11-18,368.850006103516,370.666656494141,358.339996337891,365.459991455078,365.459991455078,62696700
2021-11-19,366.290008544922,379.573333740234,364.233337402344,379.019989013672,379.019989013672,64926900
2021-11-22,387.443328857422,400.649993896484,377.476654052734,385.623321533203,385.623321533203,99217500
2021-11-23,389.170013427734,393.5,354.233337402344,369.676666259766,369.676666259766,108515100
2021-11-24,360.130004882812,377.589996337891,354,372,372,67680600
2021-11-26,366.489990234375,369.593322753906,360.333343505859,360.640014648438,360.640014648438,35042700
2021-11-29,366.996673583984,380.890014648438,366.730010986328,378.996673583984,378.996673583984,58393500
2021-11-30,381.456665039062,389.333343505859,372.666656494141,381.586669921875,381.586669921875,81276000
2021-12-01,386.899993896484,390.946655273438,363.586669921875,365,365,68450400
2021-12-02,366.353332519531,371,352.216674804688,361.533325195312,361.533325195312,73114800
2021-12-03,361.5966796875,363.526672363281,333.4033203125,338.323333740234,338.323333740234,92322000
2021-12-06,333.836669921875,340.546661376953,316.833343505859,336.336669921875,336.336669921875,81663000
2021-12-07,348.066680908203,352.556671142578,342.269989013672,350.583343505859,350.583343505859,56084700
2021-12-08,350.9033203125,357.459991455078,344.333343505859,356.320007324219,356.320007324219,41906400
2021-12-09,353.546661376953,354.163330078125,334.119995117188,334.600006103516,334.600006103516,59438400
2021-12-10,336.25,340.32666015625,327.510009765625,339.010009765625,339.010009765625,59664300
2021-12-13,333.696655273438,335,317.140014648438,322.136657714844,322.136657714844,78595500
2021-12-14,315,322.136657714844,310,319.503326416016,319.503326416016,70806300
2021-12-15,317.736663818359,326.25,309.416656494141,325.329986572266,325.329986572266,75169200
2021-12-16,331.5,331.660003662109,307.283325195312,308.973327636719,308.973327636719,82771500
2021-12-17,304.92333984375,320.220001220703,303.013336181641,310.856658935547,310.856658935547,100437300
2021-12-20,303.566680908203,307.230010986328,297.796661376953,299.980010986328,299.980010986328,56480100
2021-12-21,305.623321533203,313.166656494141,295.373321533203,312.843322753906,312.843322753906,71517900
2021-12-22,321.886657714844,338.553344726562,319.016662597656,336.290008544922,336.290008544922,93634200
2021-12-23,335.600006103516,357.660003662109,332.519989013672,355.666656494141,355.666656494141,92713200
2021-12-27,357.890014648438,372.333343505859,356.906677246094,364.646667480469,364.646667480469,71145900
2021-12-28,369.829986572266,373,359.473327636719,362.823333740234,362.823333740234,60324000
2021-12-29,366.213317871094,368,354.713317871094,362.063323974609,362.063323974609,56154000
2021-12-30,353.776672363281,365.183319091797,351.049987792969,356.779998779297,356.779998779297,47040900
2021-12-31,357.813323974609,360.666656494141,351.529998779297,352.260009765625,352.260009765625,40733700
2022-01-03,382.583343505859,400.356658935547,378.679992675781,399.926666259766,399.926666259766,103931400
2022-01-04,396.516662597656,402.666656494141,374.350006103516,383.196655273438,383.196655273438,100248300
2022-01-05,382.216674804688,390.113342285156,360.336669921875,362.706665039062,362.706665039062,80119800
2022-01-06,359,362.666656494141,340.166656494141,354.899993896484,354.899993896484,90336600
2022-01-07,360.123321533203,360.309997558594,336.666656494141,342.320007324219,342.320007324219,84164700
2022-01-10,333.333343505859,353.033325195312,326.666656494141,352.706665039062,352.706665039062,91815000
2022-01-11,351.223327636719,358.616668701172,346.273345947266,354.799987792969,354.799987792969,66063300
2022-01-12,359.616668701172,371.613342285156,357.529998779297,368.739990234375,368.739990234375,83739000
2022-01-13,369.690002441406,371.866668701172,342.179992675781,343.853332519531,343.853332519531,97209900
2022-01-14,339.959991455078,350.666656494141,337.793334960938,349.869995117188,349.869995117188,72924300
2022-01-18,342.203338623047,356.929992675781,338.686676025391,343.503326416016,343.503326416016,66743400
2022-01-19,347.236663818359,351.556671142578,331.666656494141,331.883331298828,331.883331298828,75442500
2022-01-20,336.57666015625,347.220001220703,331.333343505859,332.089996337891,332.089996337891,70488600
2022-01-21,332.113342285156,334.850006103516,313.5,314.633331298828,314.633331298828,103416000
2022-01-24,301.586669921875,311.170013427734,283.823333740234,310,310,151565700
2022-01-25,304.733337402344,317.086669921875,301.070007324219,306.133331298828,306.133331298828,86595900
2022-01-26,317.476654052734,329.230010986328,302,312.470001220703,312.470001220703,104867400
2022-01-27,311.119995117188,311.796661376953,276.333343505859,276.366668701172,276.366668701172,147109500
2022-01-28,277.186676025391,285.833343505859,264.003326416016,282.116668701172,282.116668701172,134789100
2022-01-31,290.9033203125,312.663330078125,287.350006103516,312.239990234375,312.239990234375,104436000
2022-02-01,311.736663818359,314.566680908203,301.666656494141,310.416656494141,310.416656494141,73138200
2022-02-02,309.393341064453,310.5,296.470001220703,301.886657714844,301.886657714844,66792900
2022-02-03,294,312.333343505859,293.506652832031,297.046661376953,297.046661376953,78855600
2022-02-04,299.073333740234,312.166656494141,293.723327636719,307.773345947266,307.773345947266,73625400
2022-02-07,307.929992675781,315.92333984375,300.9033203125,302.446655273438,302.446655273438,60994500
2022-02-08,301.843322753906,308.763336181641,298.266662597656,307.333343505859,307.333343505859,50729100
2022-02-09,311.666656494141,315.42333984375,306.666656494141,310.666656494141,310.666656494141,52259400
2022-02-10,302.790008544922,314.603332519531,298.899993896484,301.516662597656,301.516662597656,66126900
2022-02-11,303.209991455078,305.320007324219,283.566680908203,286.666656494141,286.666656494141,79645800
2022-02-14,287.190002441406,299.626678466797,284.383331298828,291.920013427734,291.920013427734,67756500
2022-02-15,300,307.666656494141,297.793334960938,307.476654052734,307.476654052734,57286200
2022-02-16,304.683319091797,308.809997558594,300.4033203125,307.796661376953,307.796661376953,51294300
2022-02-17,304.420013427734,306.166656494141,291.366668701172,292.116668701172,292.116668701172,55178400
2022-02-18,295.333343505859,295.623321533203,279.203338623047,285.660003662109,285.660003662109,68501700
2022-02-22,278.043334960938,285.57666015625,267.033325195312,273.843322753906,273.843322753906,83288100
2022-02-23,276.809997558594,278.433319091797,253.520004272461,254.679992675781,254.679992675781,95256900
2022-02-24,233.463333129883,267.493347167969,233.33332824707,266.92333984375,266.92333984375,135322200
2022-02-25,269.743347167969,273.166656494141,260.799987792969,269.956665039062,269.956665039062,76067700
2022-02-28,271.670013427734,292.286682128906,271.570007324219,290.143341064453,290.143341064453,99006900
2022-03-01,289.893341064453,296.626678466797,284.593322753906,288.123321533203,288.123321533203,74766900
2022-03-02,290.709991455078,295.493347167969,281.42333984375,293.296661376953,293.296661376953,74643300
2022-03-03,292.92333984375,295.480010986328,277.533325195312,279.763336181641,279.763336181641,61623600
2022-03-04,283.033325195312,285.216674804688,275.053344726562,279.429992675781,279.429992675781,66999600
2022-03-07,285.433319091797,288.713317871094,268.190002441406,268.193328857422,268.193328857422,72494100
2022-03-08,265.176666259766,283.329986572266,260.723327636719,274.799987792969,274.799987792969,80399100
2022-03-09,279.82666015625,286.853332519531,277.336669921875,286.323333740234,286.323333740234,59184000
2022-03-10,283.816680908203,284.816680908203,270.119995117188,279.433319091797,279.433319091797,58648500
2022-03-11,280.066680908203,281.266662597656,264.589996337891,265.116668701172,265.116668701172,67037100
2022-03-14,260.203338623047,266.899993896484,252.013336181641,255.456665039062,255.456665039062,71152200
2022-03-15,258.42333984375,268.523345947266,252.190002441406,267.296661376953,267.296661376953,66841200
2022-03-16,269.666656494141,280.666656494141,267.420013427734,280.07666015625,280.07666015625,84028800
2022-03-17,276.996673583984,291.666656494141,275.239990234375,290.533325195312,290.533325195312,66582900
2022-03-18,291.496673583984,302.616668701172,289.130004882812,301.796661376953,301.796661376953,100414200
2022-03-21,304.993347167969,314.283325195312,302.363342285156,307.053344726562,307.053344726562,81981600
2022-03-22,310,332.619995117188,307.25,331.32666015625,331.32666015625,105868500
2022-03-23,326.646667480469,346.899993896484,325.466674804688,333.036682128906,333.036682128906,120676200
2022-03-24,336.57666015625,341.496673583984,329.600006103516,337.973327636719,337.973327636719,68920800
2022-03-25,336,340.600006103516,332.440002441406,336.880004882812,336.880004882812,62031600
2022-03-28,355.033325195312,365.959991455078,351.200012207031,363.946655273438,363.946655273438,102506100
2022-03-29,369.329986572266,371.589996337891,357.703338623047,366.523345947266,366.523345947266,73614900
2022-03-30,363.723327636719,371.316680908203,361.333343505859,364.663330078125,364.663330078125,59865000
2022-03-31,364.856658935547,367.713317871094,358.880004882812,359.200012207031,359.200012207031,48992700
2022-04-01,360.383331298828,364.916656494141,355.546661376953,361.529998779297,361.529998779297,54263100
2022-04-04,363.126678466797,383.303344726562,357.510009765625,381.816680908203,381.816680908203,82035900
2022-04-05,378.766662597656,384.290008544922,362.433319091797,363.753326416016,363.753326416016,80075100
2022-04-06,357.823333740234,359.666656494141,342.566680908203,348.586669921875,348.586669921875,89348400
2022-04-07,350.796661376953,358.863342285156,340.513336181641,352.420013427734,352.420013427734,79447200
2022-04-08,347.736663818359,349.480010986328,340.813323974609,341.829986572266,341.829986572266,55013700
2022-04-11,326.799987792969,336.156677246094,324.880004882812,325.309997558594,325.309997558594,59357100
2022-04-12,332.546661376953,340.396667480469,325.533325195312,328.983337402344,328.983337402344,65976000
2022-04-13,327.026672363281,342.079986572266,324.366668701172,340.790008544922,340.790008544922,55121100
2022-04-14,333.0966796875,337.570007324219,327.396667480469,328.333343505859,328.333343505859,58422300
2022-04-18,329.676666259766,338.306671142578,324.470001220703,334.763336181641,334.763336181641,51715200
2022-04-19,335.019989013672,344.980010986328,331.776672363281,342.716674804688,342.716674804688,49847700
2022-04-20,343.333343505859,344.666656494141,325.083343505859,325.733337402344,325.733337402344,70711200
2022-04-21,358.243347167969,364.073333740234,332.140014648438,336.260009765625,336.260009765625,105416400
2022-04-22,338.303344726562,344.950012207031,331.333343505859,335.016662597656,335.016662597656,69696600
2022-04-25,326.323333740234,336.206665039062,325.100006103516,332.67333984375,332.67333984375,68341200
2022-04-26,331.809997558594,333.333343505859,291.666656494141,292.140014648438,292.140014648438,136133700
2022-04-27,299.526672363281,306,292.453338623047,293.836669921875,293.836669921875,76956300
2022-04-28,299.993347167969,300,273.899993896484,292.503326416016,292.503326416016,124948500
2022-04-29,300.75,311.466674804688,290,290.253326416016,290.253326416016,88133100
2022-05-02,286.92333984375,302.119995117188,282.676666259766,300.980010986328,300.980010986328,75781500
2022-05-03,301.059997558594,308.026672363281,296.196655273438,303.083343505859,303.083343505859,63709500
2022-05-04,301.313323974609,318.5,295.093322753906,317.540008544922,317.540008544922,81643800
2022-05-05,313.006652832031,315.200012207031,285.899993896484,291.093322753906,291.093322753906,92519100
2022-05-06,295.666656494141,296,281.036682128906,288.549987792969,288.549987792969,72903000
2022-05-09,278.816680908203,281.876678466797,260.383331298828,262.369995117188,262.369995117188,90810300
2022-05-10,273.103332519531,275.119995117188,258.083343505859,266.679992675781,266.679992675781,84401700
2022-05-11,265,269.92333984375,242.399993896484,244.66667175293,244.66667175293,97224600
2022-05-12,233.66667175293,253.220001220703,226.66667175293,242.66667175293,242.66667175293,140313000
2022-05-13,257.82666015625,262.450012207031,250.523330688477,256.529998779297,256.529998779297,92150700
2022-05-16,255.720001220703,256.586669921875,239.696670532227,241.456665039062,241.456665039062,86098500
2022-05-17,249.119995117188,254.82666015625,242.949996948242,253.869995117188,253.869995117188,80236200
2022-05-18,248.17333984375,253.5,233.603332519531,236.603332519531,236.603332519531,87811800
2022-05-19,235.66667175293,244.66667175293,231.369995117188,236.473327636719,236.473327636719,90296700
2022-05-20,237.996673583984,240.526672363281,211,221.300003051758,221.300003051758,144973200
2022-05-23,218.339996337891,226.653335571289,212.686660766602,224.966659545898,224.966659545898,88903500
2022-05-24,217.843338012695,217.973327636719,206.856674194336,209.386672973633,209.386672973633,89092500
2022-05-25,207.949996948242,223.106674194336,207.669998168945,219.600006103516,219.600006103516,92139300
2022-05-26,220.473327636719,239.556671142578,217.886672973633,235.910003662109,235.910003662109,106003200
2022-05-27,241.08332824707,253.266662597656,240.176666259766,253.210006713867,253.210006713867,89295000
2022-05-31,257.946655273438,259.600006103516,244.74333190918,252.753326416016,252.753326416016,101914500
2022-06-01,251.720001220703,257.32666015625,243.639999389648,246.789993286133,246.789993286133,77247900
2022-06-02,244.156661987305,264.209991455078,242.066665649414,258.333343505859,258.333343505859,93473100
2022-06-03,243.226669311523,247.796661376953,233.41667175293,234.516662597656,234.516662597656,112393800
2022-06-06,244.353332519531,244.866668701172,234.350006103516,238.279998779297,238.279998779297,84204600
2022-06-07,234,239.996673583984,230.093338012695,238.886672973633,238.886672973633,72808500
2022-06-08,240.086669921875,249.963333129883,239.176666259766,241.866668701172,241.866668701172,76210500
2022-06-09,249.339996337891,255.546661376953,239.32666015625,239.706665039062,239.706665039062,96491400
2022-06-10,235.156661987305,239.5,227.913330078125,232.229995727539,232.229995727539,97536600
2022-06-13,223.16667175293,226.633331298828,214.683334350586,215.736663818359,215.736663818359,102767400
2022-06-14,218.286666870117,226.330001831055,211.736663818359,220.889999389648,220.889999389648,97988700
2022-06-15,220.91667175293,235.663330078125,218.149993896484,233,233,119131800
2022-06-16,222.736663818359,225.16667175293,208.693328857422,213.100006103516,213.100006103516,107390700
2022-06-17,213.433334350586,220.970001220703,213.196670532227,216.759994506836,216.759994506836,92641800
2022-06-21,224.603332519531,243.57666015625,224.33332824707,237.036666870117,237.036666870117,122793000
2022-06-22,234.503326416016,246.83332824707,233.82666015625,236.086669921875,236.086669921875,101107500
2022-06-23,237.906661987305,239.316665649414,228.636672973633,235.070007324219,235.070007324219,104202600
2022-06-24,237.470001220703,246.066665649414,236.086669921875,245.706665039062,245.706665039062,95770800
2022-06-27,249.366668701172,252.070007324219,242.566665649414,244.919998168945,244.919998168945,89178300
2022-06-28,244.483337402344,249.970001220703,232.343338012695,232.663330078125,232.663330078125,90391200
2022-06-29,230.5,231.17333984375,222.273330688477,228.490005493164,228.490005493164,82897200
2022-06-30,224.509994506836,229.456665039062,218.863327026367,224.473327636719,224.473327636719,94600500
2022-07-01,227,230.229995727539,222.119995117188,227.263336181641,227.263336181641,74460300
2022-07-05,223,233.146667480469,216.16667175293,233.066665649414,233.066665649414,84581100
2022-07-06,230.779998779297,234.563339233398,227.186660766602,231.733337402344,231.733337402344,71853600
2022-07-07,233.919998168945,245.363327026367,232.210006713867,244.543334960938,244.543334960938,81930600
2022-07-08,242.33332824707,254.979995727539,241.160003662109,250.763336181641,250.763336181641,101854200
2022-07-11,252.103332519531,253.063339233398,233.626663208008,234.343338012695,234.343338012695,99241200
2022-07-12,236.846664428711,239.773330688477,228.369995117188,233.070007324219,233.070007324219,87930900
2022-07-13,225.5,242.059997558594,225.033340454102,237.039993286133,237.039993286133,97954500
2022-07-14,234.896667480469,238.653335571289,229.33332824707,238.313339233398,238.313339233398,78557400
2022-07-15,240,243.623336791992,236.889999389648,240.066665649414,240.066665649414,69683100
2022-07-18,244.936660766602,250.516662597656,239.603332519531,240.546661376953,240.546661376953,82537500
2022-07-19,245,247.139999389648,236.976669311523,245.529998779297,245.529998779297,80890200
2022-07-20,246.783340454102,250.663330078125,243.483337402344,247.5,247.5,88864200
2022-07-21,255.106674194336,273.266662597656,254.866668701172,271.706665039062,271.706665039062,142032300
2022-07-22,276.220001220703,280.786682128906,270.713317871094,272.243347167969,272.243347167969,103472700
2022-07-25,272.216674804688,274.146667480469,267.399993896484,268.433319091797,268.433319091797,64073400
2022-07-26,266.513336181641,267.309997558594,256.263336181641,258.859985351562,258.859985351562,66820800
2022-07-27,263.809997558594,275.926666259766,261.790008544922,274.820007324219,274.820007324219,88110000
2022-07-28,280.066680908203,283.299987792969,272.799987792969,280.899993896484,280.899993896484,84723000
2022-07-29,280.700012207031,298.320007324219,279.100006103516,297.149993896484,297.149993896484,95313000
2022-08-01,301.276672363281,311.876678466797,295,297.276672363281,297.276672363281,117042900
2022-08-02,294.003326416016,307.833343505859,292.666656494141,300.586669921875,300.586669921875,95577600
2022-08-03,305,309.549987792969,301.149993896484,307.396667480469,307.396667480469,80091000
2022-08-04,311,313.606658935547,305,308.633331298828,308.633331298828,72256200
2022-08-05,302.670013427734,304.606658935547,285.543334960938,288.170013427734,288.170013427734,113172900
2022-08-08,295,305.200012207031,289.086669921875,290.42333984375,290.42333984375,98994000
2022-08-09,290.293334960938,292.396667480469,279.353332519531,283.333343505859,283.333343505859,86244600
2022-08-10,297.066680908203,297.510009765625,283.369995117188,294.356658935547,294.356658935547,94918800
2022-08-11,296.513336181641,298.236663818359,285.833343505859,286.630004882812,286.630004882812,70155000
2022-08-12,289.416656494141,300.160003662109,285.033325195312,300.029998779297,300.029998779297,79657200
2022-08-15,301.786682128906,313.133331298828,301.230010986328,309.320007324219,309.320007324219,89359200
2022-08-16,311.666656494141,314.666656494141,302.883331298828,306.563323974609,306.563323974609,88136400
2022-08-17,303.396667480469,309.656677246094,300.033325195312,303.996673583984,303.996673583984,68766000
2022-08-18,306,306.5,301.853332519531,302.869995117188,302.869995117188,47500500
2022-08-19,299,300.359985351562,292.5,296.666656494141,296.666656494141,61395300
2022-08-22,291.913330078125,292.399993896484,286.296661376953,289.913330078125,289.913330078125,55843200
2022-08-23,291.453338623047,298.82666015625,287.92333984375,296.453338623047,296.453338623047,63984900
2022-08-24,297.563323974609,303.646667480469,296.5,297.0966796875,297.0966796875,57259800
2022-08-25,302.359985351562,302.959991455078,291.600006103516,296.070007324219,296.070007324219,53230000
2022-08-26,297.429992675781,302,287.470001220703,288.089996337891,288.089996337891,57163900
2022-08-29,282.829986572266,287.739990234375,280.700012207031,284.820007324219,284.820007324219,41864700
2022-08-30,287.869995117188,288.480010986328,272.649993896484,277.700012207031,277.700012207031,50541800
2022-08-31,280.619995117188,281.25,271.809997558594,275.609985351562,275.609985351562,52107300
2022-09-01,272.579986572266,277.579986572266,266.149993896484,277.160003662109,277.160003662109,54287000
2022-09-02,281.070007324219,282.350006103516,269.079986572266,270.209991455078,270.209991455078,50890100
2022-09-06,272.679992675781,275.989990234375,265.739990234375,274.420013427734,274.420013427734,55860000
2022-09-07,273.100006103516,283.839996337891,272.269989013672,283.700012207031,283.700012207031,50028900
2022-09-08,281.299987792969,289.5,279.760009765625,289.260009765625,289.260009765625,53713100
2022-09-09,291.670013427734,299.850006103516,291.25,299.679992675781,299.679992675781,54338100
2022-09-12,300.720001220703,305.489990234375,300.399993896484,304.420013427734,304.420013427734,48674600
2022-09-13,292.899993896484,297.399993896484,290.399993896484,292.130004882812,292.130004882812,68229600
2022-09-14,292.239990234375,306,291.640014648438,302.609985351562,302.609985351562,72628700
2022-09-15,301.829986572266,309.119995117188,300.720001220703,303.75,303.75,64795500
2022-09-16,299.609985351562,303.709991455078,295.600006103516,303.350006103516,303.350006103516,87087800
2022-09-19,300.089996337891,309.839996337891,297.799987792969,309.070007324219,309.070007324219,60231200
2022-09-20,306.910003662109,313.329986572266,305.579986572266,308.730010986328,308.730010986328,61642800
2022-09-21,308.290008544922,313.799987792969,300.630004882812,300.799987792969,300.799987792969,62555700
2022-09-22,299.859985351562,301.290008544922,285.820007324219,288.589996337891,288.589996337891,70545400
2022-09-23,283.089996337891,284.5,272.820007324219,275.329986572266,275.329986572266,63748400
2022-09-26,271.829986572266,284.089996337891,270.309997558594,276.010009765625,276.010009765625,58076900
2022-09-27,283.839996337891,288.670013427734,277.510009765625,282.940002441406,282.940002441406,61925200
2022-09-28,283.079986572266,289,277.570007324219,287.809997558594,287.809997558594,54664800
2022-09-29,282.760009765625,283.649993896484,265.779998779297,268.209991455078,268.209991455078,77620600
2022-09-30,266.149993896484,275.570007324219,262.470001220703,265.25,265.25,67726600
2022-10-03,254.5,255.160003662109,241.009994506836,242.399993896484,242.399993896484,98363500
2022-10-04,250.520004272461,257.5,242.009994506836,249.440002441406,249.440002441406,109578500
2022-10-05,245.009994506836,246.669998168945,233.270004272461,240.809997558594,240.809997558594,86982700
2022-10-06,239.440002441406,244.580001831055,235.350006103516,238.130004882812,238.130004882812,69298400
2022-10-07,233.940002441406,234.570007324219,222.020004272461,223.070007324219,223.070007324219,83916800
2022-10-10,223.929992675781,226.990005493164,218.360000610352,222.960006713867,222.960006713867,67925000
2022-10-11,220.949996948242,225.75,215,216.5,216.5,77013200
2022-10-12,215.330001831055,219.300003051758,211.509994506836,217.240005493164,217.240005493164,66860700
2022-10-13,208.300003051758,222.990005493164,206.220001220703,221.720001220703,221.720001220703,91483000
2022-10-14,224.009994506836,226.259994506836,204.160003662109,204.990005493164,204.990005493164,94124500
2022-10-17,210.039993286133,221.860000610352,209.449996948242,219.350006103516,219.350006103516,79428800
2022-10-18,229.5,229.820007324219,217.25,220.190002441406,220.190002441406,75891900
2022-10-19,219.800003051758,222.929992675781,217.779998779297,222.039993286133,222.039993286133,66571500
2022-10-20,208.279998779297,215.550003051758,202,207.279998779297,207.279998779297,117798100
2022-10-21,206.419998168945,214.660003662109,203.800003051758,214.440002441406,214.440002441406,75713800
2022-10-24,205.820007324219,213.5,198.589996337891,211.25,211.25,100446800
2022-10-25,210.100006103516,224.350006103516,210,222.419998168945,222.419998168945,96507900
2022-10-26,219.399993896484,230.600006103516,218.199996948242,224.639999389648,224.639999389648,85012500
2022-10-27,229.770004272461,233.809997558594,222.850006103516,225.089996337891,225.089996337891,61638800
2022-10-28,225.399993896484,228.860000610352,216.350006103516,228.520004272461,228.520004272461,69152400
2022-10-31,226.190002441406,229.850006103516,221.940002441406,227.539993286133,227.539993286133,61554300
2022-11-01,234.050003051758,237.399993896484,227.279998779297,227.820007324219,227.820007324219,62688800
2022-11-02,226.039993286133,227.869995117188,214.820007324219,214.979995727539,214.979995727539,63070300
2022-11-03,211.360000610352,221.199996948242,210.139999389648,215.309997558594,215.309997558594,56538800
2022-11-04,222.600006103516,223.800003051758,203.080001831055,207.470001220703,207.470001220703,98622200
2022-11-07,208.649993896484,208.899993896484,196.660003662109,197.080001831055,197.080001831055,93916500
2022-11-08,194.020004272461,195.199996948242,186.75,191.300003051758,191.300003051758,128803400
2022-11-09,190.779998779297,195.889999389648,177.119995117188,177.589996337891,177.589996337891,127062700
2022-11-10,189.899993896484,191,180.029998779297,190.720001220703,190.720001220703,132703000
2022-11-11,186,196.520004272461,182.589996337891,195.970001220703,195.970001220703,114403600
2022-11-14,192.770004272461,195.729995727539,186.339996337891,190.949996948242,190.949996948242,92226600
2022-11-15,195.880004882812,200.820007324219,192.059997558594,194.419998168945,194.419998168945,91293800
2022-11-16,191.509994506836,192.570007324219,185.660003662109,186.919998168945,186.919998168945,66567600
2022-11-17,183.960006713867,186.160003662109,180.899993896484,183.169998168945,183.169998168945,64336000
2022-11-18,185.050003051758,185.190002441406,176.550003051758,180.190002441406,180.190002441406,76048900
2022-11-21,175.850006103516,176.770004272461,167.539993286133,167.869995117188,167.869995117188,92882700
2022-11-22,168.630004882812,170.919998168945,166.190002441406,169.910003662109,169.910003662109,78452300
2022-11-23,173.570007324219,183.619995117188,172.5,183.199996948242,183.199996948242,109536700
2022-11-25,185.059997558594,185.199996948242,180.630004882812,182.860000610352,182.860000610352,50672700
2022-11-28,179.960006713867,188.5,179,182.919998168945,182.919998168945,92905200
2022-11-29,184.990005493164,186.380004882812,178.75,180.830001831055,180.830001831055,83357100
2022-11-30,182.429992675781,194.759994506836,180.630004882812,194.699996948242,194.699996948242,109186400
2022-12-01,197.080001831055,198.919998168945,191.800003051758,194.699996948242,194.699996948242,80046200
2022-12-02,191.779998779297,196.25,191.110000610352,194.860000610352,194.860000610352,73645900
2022-12-05,189.440002441406,191.270004272461,180.550003051758,182.449996948242,182.449996948242,93122700
2022-12-06,181.220001220703,183.649993896484,175.330001831055,179.820007324219,179.820007324219,92150800
2022-12-07,175.029998779297,179.380004882812,172.220001220703,174.039993286133,174.039993286133,84213300
2022-12-08,172.199996948242,175.199996948242,169.059997558594,173.440002441406,173.440002441406,97624500
2022-12-09,173.839996337891,182.5,173.360000610352,179.050003051758,179.050003051758,104872300
2022-12-12,176.100006103516,177.369995117188,167.520004272461,167.820007324219,167.820007324219,109794500
2022-12-13,174.869995117188,175.050003051758,156.910003662109,160.949996948242,160.949996948242,175862700
2022-12-14,159.25,161.619995117188,155.309997558594,156.800003051758,156.800003051758,140682300
2022-12-15,153.440002441406,160.929992675781,153.279998779297,157.669998168945,157.669998168945,122334500
2022-12-16,159.639999389648,160.990005493164,150.039993286133,150.229995727539,150.229995727539,139032200
2022-12-19,154,155.25,145.820007324219,149.869995117188,149.869995117188,139390600
2022-12-20,146.050003051758,148.470001220703,137.660003662109,137.800003051758,137.800003051758,159563300
2022-12-21,139.339996337891,141.259994506836,135.889999389648,137.570007324219,137.570007324219,145417400
2022-12-22,136,136.630004882812,122.26000213623,125.349998474121,125.349998474121,210090300
2022-12-23,126.370002746582,128.619995117188,121.019996643066,123.150001525879,123.150001525879,166989700
2022-12-27,117.5,119.669998168945,108.76000213623,109.099998474121,109.099998474121,208643400
2022-12-28,110.349998474121,116.269996643066,108.23999786377,112.709999084473,112.709999084473,221070500
2022-12-29,120.389999389648,123.569999694824,117.5,121.819999694824,121.819999694824,221923300
2022-12-30,119.949996948242,124.480003356934,119.75,123.180000305176,123.180000305176,157777300
2023-01-03,118.470001220703,118.800003051758,104.639999389648,108.099998474121,108.099998474121,231402800
2023-01-04,109.110000610352,114.589996337891,107.519996643066,113.639999389648,113.639999389648,180389000
2023-01-05,110.51000213623,111.75,107.160003662109,110.339996337891,110.339996337891,157986300
2023-01-06,103,114.389999389648,101.809997558594,113.059997558594,113.059997558594,220911100
2023-01-09,118.959999084473,123.519996643066,117.110000610352,119.769996643066,119.769996643066,190284000
2023-01-10,121.069999694824,122.76000213623,114.919998168945,118.849998474121,118.849998474121,167642500
2023-01-11,122.089996337891,125.949996948242,120.51000213623,123.220001220703,123.220001220703,183810800
2023-01-12,122.559997558594,124.129997253418,117,123.559997558594,123.559997558594,169400900
2023-01-13,116.550003051758,122.629997253418,115.599998474121,122.400001525879,122.400001525879,180714100
2023-01-17,125.699996948242,131.699996948242,125.019996643066,131.490005493164,131.490005493164,186477000
2023-01-18,136.559997558594,136.679992675781,127.01000213623,128.779998779297,128.779998779297,195680300
2023-01-19,127.26000213623,129.990005493164,124.309997558594,127.169998168945,127.169998168945,170291900
2023-01-20,128.679992675781,133.509994506836,127.349998474121,133.419998168945,133.419998168945,138858100
2023-01-23,135.869995117188,145.380004882812,134.270004272461,143.75,143.75,203119200
2023-01-24,143,146.5,141.100006103516,143.889999389648,143.889999389648,158699100
2023-01-25,141.910003662109,146.410003662109,138.070007324219,144.429992675781,144.429992675781,192734300
2023-01-26,159.970001220703,161.419998168945,154.759994506836,160.270004272461,160.270004272461,234815100
2023-01-27,162.429992675781,180.679992675781,161.169998168945,177.899993896484,177.899993896484,306590600
2023-01-30,178.050003051758,179.770004272461,166.5,166.660003662109,166.660003662109,230878800
2023-01-31,164.570007324219,174.300003051758,162.779998779297,173.220001220703,173.220001220703,196813500
2023-02-01,173.889999389648,183.809997558594,169.929992675781,181.410003662109,181.410003662109,213806300
2023-02-02,187.330001831055,196.75,182.610000610352,188.270004272461,188.270004272461,217448300
2023-02-03,183.949996948242,199,183.690002441406,189.979995727539,189.979995727539,232662000
2023-02-06,193.009994506836,198.169998168945,189.919998168945,194.759994506836,194.759994506836,186188100
2023-02-07,196.429992675781,197.5,189.550003051758,196.809997558594,196.809997558594,186010300
2023-02-08,196.100006103516,203,194.309997558594,201.289993286133,201.289993286133,180673600
2023-02-09,207.779998779297,214,204.770004272461,207.320007324219,207.320007324219,215431400
2023-02-10,202.229995727539,206.199996948242,192.889999389648,196.889999389648,196.889999389648,204754100
2023-02-13,194.419998168945,196.300003051758,187.610000610352,194.639999389648,194.639999389648,172475500
2023-02-14,191.940002441406,209.820007324219,189.440002441406,209.25,209.25,216455700
2023-02-15,211.759994506836,214.660003662109,206.110000610352,214.240005493164,214.240005493164,181006400
2023-02-16,210.779998779297,217.649993896484,201.839996337891,202.039993286133,202.039993286133,229586500
2023-02-17,199.990005493164,208.440002441406,197.5,208.309997558594,208.309997558594,213738500
2023-02-21,204.990005493164,209.710006713867,197.220001220703,197.369995117188,197.369995117188,180018600
2023-02-22,197.929992675781,201.990005493164,191.779998779297,200.860000610352,200.860000610352,191828500
2023-02-23,203.910003662109,205.139999389648,196.330001831055,202.070007324219,202.070007324219,146360000
2023-02-24,196.330001831055,197.669998168945,192.800003051758,196.880004882812,196.880004882812,142228100
2023-02-27,202.029998779297,209.419998168945,201.259994506836,207.630004882812,207.630004882812,161028300
2023-02-28,210.589996337891,211.229995727539,203.75,205.710006713867,205.710006713867,153144900
2023-03-01,206.210006713867,207.199996948242,198.520004272461,202.770004272461,202.770004272461,156852800
2023-03-02,186.740005493164,193.75,186.009994506836,190.899993896484,190.899993896484,181500700
2023-03-03,194.800003051758,200.479995727539,192.880004882812,197.789993286133,197.789993286133,154193300
2023-03-06,198.539993286133,198.600006103516,192.300003051758,193.809997558594,193.809997558594,128100100
2023-03-07,191.380004882812,194.199996948242,186.100006103516,187.710006713867,187.710006713867,148125800
2023-03-08,185.039993286133,186.5,180,182,182,151897800
2023-03-09,180.25,185.179992675781,172.509994506836,172.919998168945,172.919998168945,170023800
2023-03-10,175.130004882812,178.289993286133,168.440002441406,173.440002441406,173.440002441406,191488900
2023-03-13,167.460006713867,177.350006103516,163.910003662109,174.479995727539,174.479995727539,167790300
2023-03-14,177.309997558594,183.800003051758,177.139999389648,183.259994506836,183.259994506836,143717900
2023-03-15,180.800003051758,182.339996337891,176.029998779297,180.449996948242,180.449996948242,145995600
2023-03-16,180.369995117188,185.809997558594,178.839996337891,184.130004882812,184.130004882812,121136800
2023-03-17,184.520004272461,186.220001220703,177.330001831055,180.130004882812,180.130004882812,133197100
2023-03-20,178.080001831055,186.440002441406,176.350006103516,183.25,183.25,129684400
2023-03-21,188.279998779297,198,188.039993286133,197.580001831055,197.580001831055,153391400
2023-03-22,199.300003051758,200.660003662109,190.949996948242,191.149993896484,191.149993896484,150376400
2023-03-23,195.259994506836,199.309997558594,188.649993896484,192.220001220703,192.220001220703,144193900
2023-03-24,191.649993896484,192.360000610352,187.149993896484,190.410003662109,190.410003662109,116312400
2023-03-27,194.419998168945,197.389999389648,189.940002441406,191.809997558594,191.809997558594,120851600
2023-03-28,192,192.350006103516,185.429992675781,189.190002441406,189.190002441406,98654600
2023-03-29,193.130004882812,195.289993286133,189.440002441406,193.880004882812,193.880004882812,123660000
2023-03-30,195.580001831055,197.330001831055,194.419998168945,195.279998779297,195.279998779297,110252200
2023-03-31,197.529998779297,207.789993286133,197.199996948242,207.460006713867,207.460006713867,170222100
2023-04-03,199.910003662109,202.690002441406,192.199996948242,194.770004272461,194.770004272461,169545900
2023-04-04,197.320007324219,198.740005493164,190.320007324219,192.580001831055,192.580001831055,126463800
2023-04-05,190.520004272461,190.679992675781,183.759994506836,185.520004272461,185.520004272461,133882500
2023-04-06,183.080001831055,186.389999389648,179.740005493164,185.059997558594,185.059997558594,123857900
2023-04-10,179.940002441406,185.100006103516,176.110000610352,184.509994506836,184.509994506836,142154600
2023-04-11,186.690002441406,189.190002441406,185.649993896484,186.789993286133,186.789993286133,115770900
2023-04-12,190.740005493164,191.580001831055,180.309997558594,180.539993286133,180.539993286133,150256300
2023-04-13,182.960006713867,186.5,180.940002441406,185.899993896484,185.899993896484,112933000
2023-04-14,183.949996948242,186.279998779297,182.009994506836,185,185,96438700
2023-04-17,186.320007324219,189.690002441406,182.690002441406,187.039993286133,187.039993286133,116662200
2023-04-18,187.149993896484,187.690002441406,183.580001831055,184.309997558594,184.309997558594,92067000
2023-04-19,179.100006103516,183.5,177.649993896484,180.589996337891,180.589996337891,125732700
2023-04-20,166.169998168945,169.699996948242,160.559997558594,162.990005493164,162.990005493164,210970800
2023-04-21,164.800003051758,166,161.320007324219,165.080001831055,165.080001831055,123539000
2023-04-24,164.649993896484,165.649993896484,158.610000610352,162.550003051758,162.550003051758,140006600
2023-04-25,159.820007324219,163.470001220703,158.75,160.669998168945,160.669998168945,121999300
2023-04-26,160.289993286133,160.669998168945,153.139999389648,153.75,153.75,153364100
2023-04-27,152.639999389648,160.479995727539,152.369995117188,160.190002441406,160.190002441406,127015200
2023-04-28,160.899993896484,165,157.320007324219,164.309997558594,164.309997558594,122515800
2023-05-01,163.169998168945,163.279998779297,158.830001831055,161.830001831055,161.830001831055,109015000
2023-05-02,161.880004882812,165.490005493164,158.929992675781,160.309997558594,160.309997558594,128259700
2023-05-03,160.009994506836,165,159.910003662109,160.610000610352,160.610000610352,119728000
2023-05-04,162.710006713867,162.949996948242,159.649993896484,161.199996948242,161.199996948242,95108500
2023-05-05,163.970001220703,170.789993286133,163.509994506836,170.059997558594,170.059997558594,107607300
2023-05-08,173.720001220703,173.800003051758,169.190002441406,171.789993286133,171.789993286133,112249400
2023-05-09,168.949996948242,169.820007324219,166.559997558594,169.149993896484,169.149993896484,88965000
2023-05-10,172.550003051758,174.429992675781,166.679992675781,168.539993286133,168.539993286133,119840700
2023-05-11,168.699996948242,173.570007324219,166.789993286133,172.080001831055,172.080001831055,103889900
2023-05-12,176.070007324219,177.380004882812,167.229995727539,167.979995727539,167.979995727539,157849600
2023-05-15,167.660003662109,169.759994506836,164.550003051758,166.350006103516,166.350006103516,105592500
2023-05-16,165.649993896484,169.520004272461,164.350006103516,166.520004272461,166.520004272461,98288800
2023-05-17,168.410003662109,174.5,167.190002441406,173.860000610352,173.860000610352,125473600
2023-05-18,174.220001220703,177.059997558594,172.449996948242,176.889999389648,176.889999389648,109520300
2023-05-19,177.169998168945,181.949996948242,176.309997558594,180.139999389648,180.139999389648,136196700
2023-05-22,180.699996948242,189.320007324219,180.110000610352,188.869995117188,188.869995117188,132001400
2023-05-23,186.199996948242,192.960006713867,185.259994506836,185.770004272461,185.770004272461,156952100
2023-05-24,182.229995727539,184.220001220703,178.220001220703,182.899993896484,182.899993896484,137605100
2023-05-25,186.539993286133,186.779998779297,180.580001831055,184.470001220703,184.470001220703,96870700
2023-05-26,184.619995117188,198.600006103516,184.529998779297,193.169998168945,193.169998168945,162061500
2023-05-30,200.100006103516,204.479995727539,197.529998779297,201.160003662109,201.160003662109,128818700
2023-05-31,199.779998779297,203.949996948242,195.119995117188,203.929992675781,203.929992675781,150711700
2023-06-01,202.589996337891,209.800003051758,199.369995117188,207.520004272461,207.520004272461,148029900
2023-06-02,210.149993896484,217.25,209.75,213.970001220703,213.970001220703,164398400
2023-06-05,217.800003051758,221.289993286133,214.520004272461,217.610000610352,217.610000610352,151143100
2023-06-06,216.139999389648,221.910003662109,212.529998779297,221.309997558594,221.309997558594,146911600
2023-06-07,228,230.830001831055,223.199996948242,224.570007324219,224.570007324219,185710800
2023-06-08,224.220001220703,235.229995727539,223.009994506836,234.860000610352,234.860000610352,164489700
2023-06-09,249.070007324219,252.419998168945,242.020004272461,244.399993896484,244.399993896484,200242400
2023-06-12,247.940002441406,250.970001220703,244.589996337891,249.830001831055,249.830001831055,150337900
2023-06-13,253.509994506836,259.679992675781,251.339996337891,258.709991455078,258.709991455078,162384300
2023-06-14,260.170013427734,261.570007324219,250.5,256.790008544922,256.790008544922,170575500
2023-06-15,248.399993896484,258.950012207031,247.289993286133,255.899993896484,255.899993896484,160171200
2023-06-16,258.920013427734,263.600006103516,257.209991455078,260.540008544922,260.540008544922,167915600
2023-06-20,261.5,274.75,261.119995117188,274.450012207031,274.450012207031,165611200
2023-06-21,275.130004882812,276.989990234375,257.779998779297,259.459991455078,259.459991455078,211797100
2023-06-22,250.770004272461,265,248.25,264.609985351562,264.609985351562,166875900
2023-06-23,259.290008544922,262.450012207031,252.800003051758,256.600006103516,256.600006103516,177460800
2023-06-26,250.070007324219,258.369995117188,240.699996948242,241.050003051758,241.050003051758,179990600
2023-06-27,243.240005493164,250.389999389648,240.850006103516,250.210006713867,250.210006713867,164968200
2023-06-28,249.699996948242,259.880004882812,248.889999389648,256.239990234375,256.239990234375,159770800
2023-06-29,258.029998779297,260.739990234375,253.610000610352,257.5,257.5,131283400
2023-06-30,260.600006103516,264.450012207031,259.890014648438,261.769989013672,261.769989013672,112620800
2023-07-03,276.489990234375,284.25,275.109985351562,279.820007324219,279.820007324219,119685900
2023-07-05,278.820007324219,283.850006103516,277.600006103516,282.480010986328,282.480010986328,131530900
2023-07-06,278.089996337891,279.970001220703,272.880004882812,276.540008544922,276.540008544922,120332100
2023-07-07,278.429992675781,280.779998779297,273.769989013672,274.429992675781,274.429992675781,113879200
2023-07-10,276.470001220703,277.519989013672,265.100006103516,269.609985351562,269.609985351562,119425400
2023-07-11,268.649993896484,270.899993896484,266.369995117188,269.790008544922,269.790008544922,91972400
2023-07-12,276.329986572266,276.519989013672,271.459991455078,271.989990234375,271.989990234375,95672100
2023-07-13,274.589996337891,279.450012207031,270.600006103516,277.899993896484,277.899993896484,112681500
2023-07-14,277.010009765625,285.299987792969,276.309997558594,281.380004882812,281.380004882812,120062400
2023-07-17,286.630004882812,292.230010986328,283.570007324219,290.380004882812,290.380004882812,131569600
2023-07-18,290.149993896484,295.260009765625,286.010009765625,293.339996337891,293.339996337891,112120300
2023-07-19,296.040008544922,299.290008544922,289.519989013672,291.260009765625,291.260009765625,142355400
2023-07-20,279.559997558594,280.929992675781,261.200012207031,262.899993896484,262.899993896484,175158300
2023-07-21,268,268,255.800003051758,260.019989013672,260.019989013672,161796100
2023-07-24,255.850006103516,269.850006103516,254.119995117188,269.059997558594,269.059997558594,136508500
2023-07-25,272.380004882812,272.899993896484,265,265.279998779297,265.279998779297,112757300
2023-07-26,263.25,268.040008544922,261.75,264.350006103516,264.350006103516,95856200
2023-07-27,268.309997558594,269.130004882812,255.300003051758,255.710006713867,255.710006713867,103697300
2023-07-28,259.859985351562,267.25,258.230010986328,266.440002441406,266.440002441406,111446000
2023-07-31,267.480010986328,269.079986572266,263.779998779297,267.429992675781,267.429992675781,84582200
2023-08-01,266.260009765625,266.470001220703,260.25,261.070007324219,261.070007324219,83166000
2023-08-02,255.570007324219,259.519989013672,250.490005493164,254.110000610352,254.110000610352,101752900
2023-08-03,252.039993286133,260.489990234375,252,259.320007324219,259.320007324219,97569100
2023-08-04,260.970001220703,264.769989013672,253.110000610352,253.860000610352,253.860000610352,99539900
2023-08-07,251.449996948242,253.649993896484,242.759994506836,251.449996948242,251.449996948242,111097900
2023-08-08,247.449996948242,250.919998168945,245.009994506836,249.699996948242,249.699996948242,96642200
2023-08-09,250.869995117188,251.100006103516,241.899993896484,242.190002441406,242.190002441406,101596300
2023-08-10,245.399993896484,251.800003051758,243,245.339996337891,245.339996337891,109498600
2023-08-11,241.770004272461,243.789993286133,238.020004272461,242.649993896484,242.649993896484,99038600
2023-08-14,235.699996948242,240.660003662109,233.75,239.759994506836,239.759994506836,98595300
2023-08-15,238.729995727539,240.5,232.610000610352,232.960006713867,232.960006713867,88197600
2023-08-16,228.020004272461,233.970001220703,225.380004882812,225.600006103516,225.600006103516,112484500
2023-08-17,226.059997558594,226.740005493164,218.830001831055,219.220001220703,219.220001220703,120718400
2023-08-18,214.119995117188,217.580001831055,212.360000610352,215.490005493164,215.490005493164,136276600
2023-08-21,221.550003051758,232.130004882812,220.580001831055,231.279998779297,231.279998779297,135702700
2023-08-22,240.25,240.820007324219,229.550003051758,233.190002441406,233.190002441406,130442800
2023-08-23,229.339996337891,238.979995727539,229.289993286133,236.860000610352,236.860000610352,101077600
2023-08-24,238.660003662109,238.919998168945,228.179992675781,230.039993286133,230.039993286133,99777400
2023-08-25,231.309997558594,239,230.350006103516,238.589996337891,238.589996337891,106612200
2023-08-28,242.580001831055,244.380004882812,235.350006103516,238.820007324219,238.820007324219,107673700
2023-08-29,238.580001831055,257.480010986328,237.770004272461,257.179992675781,257.179992675781,134047600
2023-08-30,254.199996948242,260.510009765625,250.589996337891,256.899993896484,256.899993896484,121988400
2023-08-31,255.979995727539,261.179992675781,255.050003051758,258.079986572266,258.079986572266,108861700
2023-09-01,257.260009765625,259.079986572266,242.009994506836,245.009994506836,245.009994506836,132541600
2023-09-05,245,258,244.860000610352,256.489990234375,256.489990234375,129469600
2023-09-06,255.139999389648,255.389999389648,245.059997558594,251.919998168945,251.919998168945,116959800
2023-09-07,245.070007324219,252.809997558594,243.270004272461,251.490005493164,251.490005493164,115312900
2023-09-08,251.220001220703,256.519989013672,246.669998168945,248.5,248.5,118367700
2023-09-11,264.269989013672,274.850006103516,260.609985351562,273.579986572266,273.579986572266,174667900
2023-09-12,270.760009765625,278.390014648438,266.600006103516,267.480010986328,267.480010986328,135999900
2023-09-13,270.070007324219,274.980010986328,268.100006103516,271.299987792969,271.299987792969,111673700
2023-09-14,271.320007324219,276.709991455078,270.420013427734,276.040008544922,276.040008544922,107709800
2023-09-15,277.549987792969,278.980010986328,271,274.390014648438,274.390014648438,133692300
2023-09-18,271.160003662109,271.440002441406,263.760009765625,265.279998779297,265.279998779297,101543300
2023-09-19,264.350006103516,267.850006103516,261.200012207031,266.5,266.5,103704000
2023-09-20,267.040008544922,273.929992675781,262.459991455078,262.589996337891,262.589996337891,122514600
2023-09-21,257.850006103516,260.859985351562,254.210006713867,255.699996948242,255.699996948242,119951500
2023-09-22,257.399993896484,257.790008544922,244.479995727539,244.880004882812,244.880004882812,127524100
2023-09-25,243.380004882812,247.100006103516,238.309997558594,246.990005493164,246.990005493164,104636600
2023-09-26,242.979995727539,249.550003051758,241.660003662109,244.119995117188,244.119995117188,101993600
2023-09-27,244.259994506836,245.330001831055,234.580001831055,240.5,240.5,136597200
2023-09-28,240.020004272461,247.550003051758,238.649993896484,246.380004882812,246.380004882812,117058900
2023-09-29,250,254.770004272461,246.350006103516,250.220001220703,250.220001220703,128522700
2023-10-02,244.809997558594,254.279998779297,242.619995117188,251.600006103516,251.600006103516,123810400
2023-10-03,248.610000610352,250.020004272461,244.449996948242,246.529998779297,246.529998779297,101985300
2023-10-04,248.139999389648,261.859985351562,247.600006103516,261.160003662109,261.160003662109,129721600
2023-10-05,260,263.600006103516,256.25,260.049987792969,260.049987792969,119159200
2023-10-06,253.979995727539,261.649993896484,250.649993896484,260.529998779297,260.529998779297,118121800
2023-10-09,255.309997558594,261.359985351562,252.050003051758,259.670013427734,259.670013427734,101377900
2023-10-10,257.75,268.940002441406,257.649993896484,263.619995117188,263.619995117188,122656000
2023-10-11,266.200012207031,268.600006103516,260.899993896484,262.989990234375,262.989990234375,103706300
2023-10-12,262.920013427734,265.410003662109,256.630004882812,258.869995117188,258.869995117188,111508100
2023-10-13,258.899993896484,259.600006103516,250.220001220703,251.119995117188,251.119995117188,102073800
2023-10-16,250.050003051758,255.399993896484,248.479995727539,253.919998168945,253.919998168945,88917200
2023-10-17,250.100006103516,257.179992675781,247.080001831055,254.850006103516,254.850006103516,93562900
2023-10-18,252.699996948242,254.630004882812,242.080001831055,242.679992675781,242.679992675781,125147800
2023-10-19,225.949996948242,230.610000610352,216.779998779297,220.110000610352,220.110000610352,170772700
2023-10-20,217.009994506836,218.860000610352,210.419998168945,211.990005493164,211.990005493164,138010100
2023-10-23,210,216.979995727539,202.509994506836,212.080001831055,212.080001831055,150683400
2023-10-24,216.5,222.050003051758,214.110000610352,216.520004272461,216.520004272461,118231100
2023-10-25,215.880004882812,220.100006103516,212.199996948242,212.419998168945,212.419998168945,107065100
2023-10-26,211.320007324219,214.800003051758,204.880004882812,205.759994506836,205.759994506836,115112600
2023-10-27,210.600006103516,212.410003662109,205.770004272461,207.300003051758,207.300003051758,94881200
2023-10-30,209.279998779297,210.880004882812,194.669998168945,197.360000610352,197.360000610352,136448200
2023-10-31,196.119995117188,202.800003051758,194.070007324219,200.839996337891,200.839996337891,118068300
2023-11-01,204.039993286133,205.990005493164,197.850006103516,205.660003662109,205.660003662109,121661700
2023-11-02,212.970001220703,219.199996948242,211.449996948242,218.509994506836,218.509994506836,125987600
2023-11-03,221.149993896484,226.369995117188,218.399993896484,219.960006713867,219.960006713867,119534800
2023-11-06,223.979995727539,226.320007324219,215,219.270004272461,219.270004272461,117335800
2023-11-07,219.979995727539,223.119995117188,215.720001220703,222.179992675781,222.179992675781,116900100
2023-11-08,223.149993896484,224.149993896484,217.639999389648,222.110000610352,222.110000610352,106584800
2023-11-09,219.75,220.800003051758,206.679992675781,209.979995727539,209.979995727539,142110500
2023-11-10,210.029998779297,215.380004882812,205.690002441406,214.649993896484,214.649993896484,130994000
2023-11-13,215.600006103516,225.399993896484,211.610000610352,223.710006713867,223.710006713867,140447600
2023-11-14,235.029998779297,238.139999389648,230.720001220703,237.410003662109,237.410003662109,149771600
2023-11-15,239.289993286133,246.699996948242,236.449996948242,242.839996337891,242.839996337891,150354000
2023-11-16,239.490005493164,240.880004882812,230.960006713867,233.589996337891,233.589996337891,136816800
2023-11-17,232,237.389999389648,226.539993286133,234.300003051758,234.300003051758,142532800
2023-11-20,234.039993286133,237.100006103516,231.020004272461,235.600006103516,235.600006103516,116320100
2023-11-21,235.039993286133,243.619995117188,233.339996337891,241.199996948242,241.199996948242,122288000
2023-11-22,242.039993286133,244.009994506836,231.399993896484,234.210006713867,234.210006713867,117950600
2023-11-24,233.75,238.75,232.330001831055,235.449996948242,235.449996948242,65125200
2023-11-27,236.889999389648,238.330001831055,232.100006103516,236.080001831055,236.080001831055,112031800
2023-11-28,236.679992675781,247,234.009994506836,246.720001220703,246.720001220703,148549900
2023-11-29,249.210006713867,252.75,242.759994506836,244.139999389648,244.139999389648,135401300
2023-11-30,245.139999389648,245.220001220703,236.910003662109,240.080001831055,240.080001831055,132353200
2023-12-01,233.139999389648,240.190002441406,231.899993896484,238.830001831055,238.830001831055,121331700
2023-12-04,235.75,239.369995117188,233.289993286133,235.580001831055,235.580001831055,104099800
2023-12-05,233.869995117188,246.660003662109,233.699996948242,238.720001220703,238.720001220703,137971100
2023-12-06,242.919998168945,246.570007324219,239.169998168945,239.369995117188,239.369995117188,126436200
2023-12-07,241.550003051758,244.080001831055,236.979995727539,242.639999389648,242.639999389648,107142300
2023-12-08,240.270004272461,245.270004272461,239.270004272461,243.839996337891,243.839996337891,103126800
2023-12-11,242.740005493164,243.440002441406,237.449996948242,239.740005493164,239.740005493164,97913900
2023-12-12,238.550003051758,238.990005493164,233.869995117188,237.009994506836,237.009994506836,95328300
2023-12-13,234.190002441406,240.300003051758,228.199996948242,239.289993286133,239.289993286133,146286300
2023-12-14,241.220001220703,253.880004882812,240.789993286133,251.050003051758,251.050003051758,160829200
2023-12-15,251.210006713867,254.130004882812,248.300003051758,253.5,253.5,135932800
2023-12-18,253.779998779297,258.739990234375,251.360000610352,252.080001831055,252.080001831055,116416500
2023-12-19,253.479995727539,258.339996337891,253.009994506836,257.220001220703,257.220001220703,106737400
2023-12-20,256.410003662109,259.839996337891,247,247.139999389648,247.139999389648,125097000
2023-12-21,251.899993896484,254.800003051758,248.550003051758,254.5,254.5,109594200
2023-12-22,256.760009765625,258.220001220703,251.369995117188,252.539993286133,252.539993286133,93370100
2023-12-26,254.490005493164,257.970001220703,252.910003662109,256.609985351562,256.609985351562,86892400
2023-12-27,258.350006103516,263.339996337891,257.519989013672,261.440002441406,261.440002441406,106494400
2023-12-28,263.660003662109,265.130004882812,252.710006713867,253.179992675781,253.179992675781,113619900
2023-12-29,255.100006103516,255.190002441406,247.429992675781,248.479995727539,248.479995727539,100891600
2024-01-02,250.080001831055,251.25,244.410003662109,248.419998168945,248.419998168945,104654200
2024-01-03,244.979995727539,245.679992675781,236.320007324219,238.449996948242,238.449996948242,121082600
2024-01-04,239.25,242.699996948242,237.729995727539,237.929992675781,237.929992675781,102629300
2024-01-05,236.860000610352,240.119995117188,234.899993896484,237.490005493164,237.490005493164,92488900
2024-01-08,236.139999389648,241.25,235.300003051758,240.449996948242,240.449996948242,85166600
2024-01-09,238.110000610352,238.960006713867,232.039993286133,234.960006713867,234.960006713867,96705700
2024-01-10,235.100006103516,235.5,231.289993286133,233.940002441406,233.940002441406,91628500
2024-01-11,230.570007324219,230.929992675781,225.369995117188,227.220001220703,227.220001220703,105873600
2024-01-12,220.080001831055,225.339996337891,217.149993896484,218.889999389648,218.889999389648,123043800
2024-01-16,215.100006103516,223.490005493164,212.179992675781,219.910003662109,219.910003662109,115355000
2024-01-17,214.860000610352,215.669998168945,212.009994506836,215.550003051758,215.550003051758,103164400
2024-01-18,216.880004882812,217.449996948242,208.740005493164,211.880004882812,211.880004882812,108595400
2024-01-19,209.990005493164,213.190002441406,207.559997558594,212.190002441406,212.190002441406,102260300
2024-01-22,212.259994506836,217.800003051758,206.270004272461,208.800003051758,208.800003051758,117952500
2024-01-23,211.300003051758,215.649993896484,207.75,209.139999389648,209.139999389648,106605900
2024-01-24,211.880004882812,212.729995727539,206.770004272461,207.830001831055,207.830001831055,123369900
2024-01-25,189.699996948242,193,180.059997558594,182.630004882812,182.630004882812,198076800
2024-01-26,185.5,186.779998779297,182.100006103516,183.25,183.25,107343200
2024-01-29,185.630004882812,191.479995727539,183.669998168945,190.929992675781,190.929992675781,125013100
2024-01-30,195.330001831055,196.360000610352,190.610000610352,191.589996337891,191.589996337891,109982300
2024-01-31,187,193.970001220703,185.850006103516,187.289993286133,187.289993286133,103221400
2024-02-01,188.5,189.880004882812,184.279998779297,188.860000610352,188.860000610352,91843300
2024-02-02,185.039993286133,188.690002441406,182,187.910003662109,187.910003662109,110612700
2024-02-05,184.259994506836,184.679992675781,175.009994506836,181.059997558594,181.059997558594,134294400
2024-02-06,177.210006713867,186.490005493164,177.110000610352,185.100006103516,185.100006103516,122676000
2024-02-07,188.179992675781,189.789993286133,182.679992675781,187.580001831055,187.580001831055,111535200
2024-02-08,189,191.619995117188,185.580001831055,189.559997558594,189.559997558594,83034000
2024-02-09,190.179992675781,194.119995117188,189.479995727539,193.570007324219,193.570007324219,84476300
2024-02-12,192.110000610352,194.729995727539,187.279998779297,188.130004882812,188.130004882812,95498600
2024-02-13,183.990005493164,187.259994506836,182.110000610352,184.020004272461,184.020004272461,86759500
2024-02-14,185.300003051758,188.889999389648,183.350006103516,188.710006713867,188.710006713867,81203000
2024-02-15,189.160003662109,200.880004882812,188.860000610352,200.449996948242,200.449996948242,120831800
2024-02-16,202.059997558594,203.169998168945,197.399993896484,199.949996948242,199.949996948242,111346700
2024-02-20,196.130004882812,198.600006103516,189.130004882812,193.759994506836,193.759994506836,104545800
2024-02-21,193.360000610352,199.440002441406,191.949996948242,194.770004272461,194.770004272461,103500300
2024-02-22,194,198.320007324219,191.360000610352,197.410003662109,197.410003662109,92739500
2024-02-23,195.309997558594,197.570007324219,191.5,191.970001220703,191.970001220703,78841900
2024-02-26,192.289993286133,201.779998779297,192,199.399993896484,199.399993896484,111747100
2024-02-27,204.039993286133,205.600006103516,198.259994506836,199.729995727539,199.729995727539,108645400
2024-02-28,200.419998168945,205.300003051758,198.440002441406,202.039993286133,202.039993286133,99806200
2024-02-29,204.179992675781,205.279998779297,198.449996948242,201.880004882812,201.880004882812,85907000
2024-03-01,200.520004272461,204.520004272461,198.5,202.639999389648,202.639999389648,82243100
2024-03-04,198.729995727539,199.75,186.720001220703,188.139999389648,188.139999389648,134334900
2024-03-05,183.050003051758,184.589996337891,177.570007324219,180.740005493164,180.740005493164,119660800
2024-03-06,179.990005493164,181.580001831055,173.699996948242,176.539993286133,176.539993286133,107920900
2024-03-07,174.350006103516,180.039993286133,173.699996948242,178.649993896484,178.649993896484,102129000
2024-03-08,181.5,182.729995727539,174.699996948242,175.339996337891,175.339996337891,85544600
2024-03-11,175.449996948242,182.869995117188,174.800003051758,177.770004272461,177.770004272461,85391500
2024-03-12,177.770004272461,179.429992675781,172.410003662109,177.539993286133,177.539993286133,87391700
2024-03-13,173.050003051758,176.050003051758,169.149993896484,169.479995727539,169.479995727539,106524500
2024-03-14,167.770004272461,171.169998168945,160.509994506836,162.5,162.5,126325700
2024-03-15,163.160003662109,165.179992675781,160.759994506836,163.570007324219,163.570007324219,97146800
2024-03-18,170.020004272461,174.720001220703,165.899993896484,173.800003051758,173.800003051758,108214400
2024-03-19,172.360000610352,172.820007324219,167.419998168945,171.320007324219,171.320007324219,77271400
2024-03-20,173,176.25,170.820007324219,175.660003662109,175.660003662109,83846700
2024-03-21,176.389999389648,178.179992675781,171.800003051758,172.820007324219,172.820007324219,73178000
2024-03-22,166.690002441406,171.199996948242,166.300003051758,170.830001831055,170.830001831055,75580600
2024-03-25,168.759994506836,175.240005493164,168.729995727539,172.630004882812,172.630004882812,74228600
2024-03-26,178.580001831055,184.25,177.380004882812,177.669998168945,177.669998168945,113186200
2024-03-27,181.410003662109,181.910003662109,176,179.830001831055,179.830001831055,81804000
2024-03-28,177.449996948242,179.570007324219,175.300003051758,175.789993286133,175.789993286133,77654800
2024-04-01,176.169998168945,176.75,170.210006713867,175.220001220703,175.220001220703,81562100
2024-04-02,164.75,167.690002441406,163.429992675781,166.630004882812,166.630004882812,116650600
2024-04-03,164.020004272461,168.820007324219,163.279998779297,168.380004882812,168.380004882812,82950100
2024-04-04,170.070007324219,177.190002441406,168.009994506836,171.110000610352,171.110000610352,123162000
2024-04-05,169.080001831055,170.860000610352,160.509994506836,164.899993896484,164.899993896484,143157600
2024-04-08,169.339996337891,174.5,167.789993286133,172.979995727539,172.979995727539,104423300
2024-04-09,172.910003662109,179.220001220703,171.919998168945,176.880004882812,176.880004882812,102951700
2024-04-10,173.039993286133,174.929992675781,170.009994506836,171.759994506836,171.759994506836,84532400
2024-04-11,172.550003051758,175.880004882812,168.509994506836,174.600006103516,174.600006103516,94516000
2024-04-12,172.339996337891,173.809997558594,170.360000610352,171.050003051758,171.050003051758,64722700
2024-04-15,170.240005493164,170.690002441406,161.380004882812,161.479995727539,161.479995727539,100245300
2024-04-16,156.740005493164,158.190002441406,153.75,157.110000610352,157.110000610352,9.7e+07
2024-04-17,157.639999389648,158.330001831055,153.779998779297,155.449996948242,155.449996948242,82439700
2024-04-18,151.25,152.199996948242,148.699996948242,149.929992675781,149.929992675781,96098800
2024-04-19,148.970001220703,150.940002441406,146.220001220703,147.050003051758,147.050003051758,87074500
2024-04-22,140.559997558594,144.440002441406,138.800003051758,142.050003051758,142.050003051758,107097600
2024-04-23,143.330001831055,147.259994506836,141.110000610352,144.679992675781,144.679992675781,124545100
2024-04-24,162.839996337891,167.970001220703,157.509994506836,162.130004882812,162.130004882812,181178000
2024-04-25,158.960006713867,170.880004882812,158.360000610352,170.179992675781,170.179992675781,126427500
2024-04-26,168.850006103516,172.119995117188,166.369995117188,168.289993286133,168.289993286133,109815700
2024-04-29,188.419998168945,198.869995117188,184.539993286133,194.050003051758,194.050003051758,243869700
2024-04-30,186.979995727539,190.949996948242,182.839996337891,183.279998779297,183.279998779297,127031800
2024-05-01,182,185.860000610352,179.009994506836,179.990005493164,179.990005493164,92829700
2024-05-02,182.860000610352,184.600006103516,176.020004272461,180.009994506836,180.009994506836,89148000
2024-05-03,182.100006103516,184.779998779297,178.419998168945,181.190002441406,181.190002441406,75491500
2024-05-06,183.800003051758,187.559997558594,182.199996948242,184.759994506836,184.759994506836,84390300
2024-05-07,182.399993896484,183.259994506836,177.399993896484,177.809997558594,177.809997558594,75045900
2024-05-08,171.589996337891,176.059997558594,170.149993896484,174.720001220703,174.720001220703,79969500
2024-05-09,175.009994506836,175.619995117188,171.369995117188,171.970001220703,171.970001220703,65950300
2024-05-10,173.050003051758,173.059997558594,167.75,168.470001220703,168.470001220703,72627200
2024-05-13,170,175.399993896484,169,171.889999389648,171.889999389648,67018900
2024-05-14,174.5,179.490005493164,174.070007324219,177.550003051758,177.550003051758,86407400
2024-05-15,179.899993896484,180,173.110000610352,173.990005493164,173.990005493164,79663000
2024-05-16,174.100006103516,175.789993286133,171.429992675781,174.839996337891,174.839996337891,59812200
2024-05-17,173.550003051758,179.630004882812,172.75,177.460006713867,177.460006713867,77445800
2024-05-20,177.559997558594,177.75,173.520004272461,174.949996948242,174.949996948242,61727400
2024-05-21,175.509994506836,186.880004882812,174.710006713867,186.600006103516,186.600006103516,115266500
2024-05-22,182.850006103516,183.800003051758,178.119995117188,180.110000610352,180.110000610352,88313500
2024-05-23,181.800003051758,181.899993896484,173.259994506836,173.740005493164,173.740005493164,71975500
2024-05-24,174.839996337891,180.080001831055,173.729995727539,179.240005493164,179.240005493164,65584500
2024-05-28,176.399993896484,178.25,173.160003662109,176.75,176.75,59736600
2024-05-29,174.190002441406,178.149993896484,173.929992675781,176.190002441406,176.190002441406,54782600
2024-05-30,178.580001831055,182.669998168945,175.380004882812,178.789993286133,178.789993286133,77618400
2024-05-31,178.5,180.320007324219,173.820007324219,178.080001831055,178.080001831055,67314600
2024-06-03,178.130004882812,182.639999389648,174.490005493164,176.289993286133,176.289993286133,68568900
2024-06-04,174.779998779297,177.759994506836,174,174.770004272461,174.770004272461,60056300
2024-06-05,175.350006103516,176.149993896484,172.130004882812,175,175,57953800
2024-06-06,174.600006103516,179.729995727539,172.729995727539,177.940002441406,177.940002441406,69887000
2024-06-07,176.130004882812,179.350006103516,175.580001831055,177.479995727539,177.479995727539,56244900
2024-06-10,176.059997558594,178.570007324219,173.169998168945,173.789993286133,173.789993286133,50774600
2024-06-11,173.919998168945,174.75,167.410003662109,170.660003662109,170.660003662109,64761900
2024-06-12,171.119995117188,180.550003051758,169.800003051758,177.289993286133,177.289993286133,90389400
2024-06-13,188.389999389648,191.080001831055,181.229995727539,182.470001220703,182.470001220703,118984100
2024-06-14,185.800003051758,186,176.919998168945,178.009994506836,178.009994506836,82038200
2024-06-17,177.919998168945,188.809997558594,177,187.440002441406,187.440002441406,109786100
2024-06-18,186.559997558594,187.199996948242,182.369995117188,184.860000610352,184.860000610352,68982300
2024-06-20,184.679992675781,185.210006713867,179.660003662109,181.570007324219,181.570007324219,55893100
2024-06-21,182.300003051758,183.949996948242,180.690002441406,183.009994506836,183.009994506836,61937300
2024-06-24,184.970001220703,188.800003051758,182.550003051758,182.580001831055,182.580001831055,61992100
2024-06-25,184.399993896484,187.970001220703,182.009994506836,187.350006103516,187.350006103516,62905700
2024-06-26,186.539993286133,197.759994506836,186.360000610352,196.369995117188,196.369995117188,95737100
2024-06-27,195.169998168945,198.720001220703,194.050003051758,197.419998168945,197.419998168945,72746500
2024-06-28,199.550003051758,203.199996948242,195.259994506836,197.880004882812,197.880004882812,95438100
2024-07-01,201.020004272461,213.229995727539,200.850006103516,209.860000610352,209.860000610352,135691400
2024-07-02,218.889999389648,231.300003051758,218.059997558594,231.259994506836,231.259994506836,205047900
2024-07-03,234.559997558594,248.350006103516,234.25,246.389999389648,246.389999389648,166561500
2024-07-05,249.809997558594,252.369995117188,242.460006713867,251.520004272461,251.520004272461,154501200
2024-07-08,247.710006713867,259.440002441406,244.570007324219,252.940002441406,252.940002441406,157219600
2024-07-09,251,265.609985351562,250.300003051758,262.329986572266,262.329986572266,160210900
2024-07-10,262.799987792969,267.589996337891,257.859985351562,263.260009765625,263.260009765625,128519400
2024-07-11,263.299987792969,271,239.649993896484,241.029998779297,241.029998779297,221707300
2024-07-12,235.800003051758,251.839996337891,233.089996337891,248.229995727539,248.229995727539,155955800
2024-07-15,255.970001220703,265.600006103516,251.729995727539,252.639999389648,252.639999389648,146912900
2024-07-16,255.309997558594,258.619995117188,245.800003051758,256.559997558594,256.559997558594,126332500
2024-07-17,252.729995727539,258.470001220703,246.179992675781,248.5,248.5,115584800
2024-07-18,251.089996337891,257.140014648438,247.199996948242,249.229995727539,249.229995727539,110869000
2024-07-19,247.789993286133,249.440002441406,236.830001831055,239.199996948242,239.199996948242,87403900
2024-07-22,244.210006713867,253.210006713867,243.75,251.509994506836,251.509994506836,101225400
2024-07-23,253.600006103516,255.759994506836,245.630004882812,246.380004882812,246.380004882812,111928200
2024-07-24,225.419998168945,225.990005493164,214.710006713867,215.990005493164,215.990005493164,167942900
2024-07-25,216.800003051758,226,216.229995727539,220.25,220.25,100636500
2024-07-26,221.190002441406,222.279998779297,215.330001831055,219.800003051758,219.800003051758,94604100
2024-07-29,224.899993896484,234.270004272461,224.699996948242,232.100006103516,232.100006103516,129201800
2024-07-30,232.25,232.410003662109,220,222.619995117188,222.619995117188,100560300
2024-07-31,227.899993896484,234.679992675781,226.789993286133,232.070007324219,232.070007324219,67497000
2024-08-01,227.690002441406,231.869995117188,214.330001831055,216.860000610352,216.860000610352,83861900
2024-08-02,214.880004882812,216.130004882812,205.779998779297,207.669998168945,207.669998168945,82880100
2024-08-05,185.220001220703,203.880004882812,182,198.880004882812,198.880004882812,100308800
2024-08-06,200.75,202.899993896484,192.669998168945,200.639999389648,200.639999389648,73783900
2024-08-07,200.770004272461,203.490005493164,191.479995727539,191.759994506836,191.759994506836,71159800
2024-08-08,195.699996948242,200.699996948242,192.039993286133,198.839996337891,198.839996337891,65033900
2024-08-09,197.050003051758,200.880004882812,195.110000610352,200,200,58648300
2024-08-12,199.020004272461,199.259994506836,194.669998168945,197.490005493164,197.490005493164,64044900
2024-08-13,198.470001220703,208.490005493164,197.059997558594,207.830001831055,207.830001831055,76247400
2024-08-14,207.389999389648,208.440002441406,198.75,201.380004882812,201.380004882812,70250000
2024-08-15,205.020004272461,215.880004882812,204.820007324219,214.139999389648,214.139999389648,89848500
2024-08-16,211.149993896484,219.800003051758,210.800003051758,216.119995117188,216.119995117188,88765100
2024-08-19,217.070007324219,222.979995727539,214.089996337891,222.720001220703,222.720001220703,76435200
2024-08-20,224.880004882812,228.220001220703,219.559997558594,221.100006103516,221.100006103516,74001200
2024-08-21,222.669998168945,224.660003662109,218.860000610352,223.270004272461,223.270004272461,70146000
2024-08-22,223.820007324219,224.800003051758,210.320007324219,210.660003662109,210.660003662109,79514500
2024-08-23,214.460006713867,221.479995727539,214.210006713867,220.320007324219,220.320007324219,81525200
2024-08-26,218.75,219.089996337891,211.009994506836,213.210006713867,213.210006713867,59301200
2024-08-27,213.25,215.660003662109,206.940002441406,209.210006713867,209.210006713867,62821400
2024-08-28,209.720001220703,211.839996337891,202.589996337891,205.75,205.75,64116400
2024-08-29,209.800003051758,214.889999389648,205.970001220703,206.279998779297,206.279998779297,62308800
2024-08-30,208.630004882812,214.570007324219,207.029998779297,214.110000610352,214.110000610352,63370600
2024-09-03,215.259994506836,219.899993896484,209.639999389648,210.600006103516,210.600006103516,76714200
2024-09-04,210.589996337891,222.220001220703,210.570007324219,219.410003662109,219.410003662109,80651800
2024-09-05,223.490005493164,235,222.25,230.169998168945,230.169998168945,119355000
2024-09-06,232.600006103516,233.600006103516,210.509994506836,210.729995727539,210.729995727539,112177000
2024-09-09,216.199996948242,219.869995117188,213.669998168945,216.270004272461,216.270004272461,67443500
2024-09-10,220.070007324219,226.399993896484,218.639999389648,226.169998168945,226.169998168945,78891100
2024-09-11,224.550003051758,228.470001220703,216.800003051758,228.130004882812,228.130004882812,83548600
2024-09-12,224.660003662109,231.449996948242,223.830001831055,229.809997558594,229.809997558594,71894900
2024-09-13,228,232.669998168945,226.320007324219,230.289993286133,230.289993286133,59515100
2024-09-16,229.300003051758,229.960006713867,223.529998779297,226.779998779297,226.779998779297,54323000
2024-09-17,229.449996948242,234.570007324219,226.550003051758,227.869995117188,227.869995117188,66761600
2024-09-18,230.089996337891,235.679992675781,226.880004882812,227.199996948242,227.199996948242,78010200
2024-09-19,234,244.240005493164,232.130004882812,243.919998168945,243.919998168945,102694600
2024-09-20,241.520004272461,243.990005493164,235.919998168945,238.25,238.25,99879100
2024-09-23,242.610000610352,250,241.919998168945,250,250,86927200
2024-09-24,254.080001831055,257.190002441406,249.050003051758,254.270004272461,254.270004272461,88491000
2024-09-25,252.539993286133,257.049987792969,252.279998779297,257.019989013672,257.019989013672,65034300
2024-09-26,260.600006103516,261.75,251.529998779297,254.220001220703,254.220001220703,67142200
2024-09-27,257.380004882812,260.700012207031,254.119995117188,260.459991455078,260.459991455078,70988100
2024-09-30,259.040008544922,264.859985351562,255.770004272461,261.630004882812,261.630004882812,80705700
2024-10-01,262.670013427734,263.980010986328,248.529998779297,258.019989013672,258.019989013672,87397600
2024-10-02,247.550003051758,251.160003662109,241.5,249.020004272461,249.020004272461,93983900
2024-10-03,244.479995727539,249.789993286133,237.809997558594,240.660003662109,240.660003662109,80729200
2024-10-04,246.690002441406,250.960006713867,244.580001831055,250.080001831055,250.080001831055,86573200
2024-10-07,249,249.830001831055,240.699996948242,240.830001831055,240.830001831055,68113300
2024-10-08,243.559997558594,246.210006713867,240.559997558594,244.5,244.5,56303200
2024-10-09,243.820007324219,247.429992675781,239.509994506836,241.050003051758,241.050003051758,66289500
2024-10-10,241.809997558594,242.789993286133,232.339996337891,238.770004272461,238.770004272461,83087100
2024-10-11,220.130004882812,223.339996337891,214.380004882812,217.800003051758,217.800003051758,142628900
2024-10-14,220.130004882812,221.910003662109,213.740005493164,219.160003662109,219.160003662109,86291900
2024-10-15,220.009994506836,224.259994506836,217.119995117188,219.570007324219,219.570007324219,62988800
2024-10-16,221.399993896484,222.820007324219,218.929992675781,221.330001831055,221.330001831055,49632800
2024-10-17,221.589996337891,222.080001831055,217.899993896484,220.889999389648,220.889999389648,50791800
2024-10-18,220.710006713867,222.279998779297,219.229995727539,220.699996948242,220.699996948242,49611900
2024-10-21,218.899993896484,220.479995727539,215.729995727539,218.850006103516,218.850006103516,47329000
2024-10-22,217.309997558594,218.220001220703,215.259994506836,217.970001220703,217.970001220703,43268700
2024-10-23,217.130004882812,218.720001220703,212.110000610352,213.649993896484,213.649993896484,80938900
2024-10-24,244.679992675781,262.119995117188,242.649993896484,260.480010986328,260.480010986328,204491900
2024-10-25,256.010009765625,269.489990234375,255.320007324219,269.190002441406,269.190002441406,161611900
2024-10-28,270,273.540008544922,262.239990234375,262.510009765625,262.510009765625,107653600
2024-10-29,264.510009765625,264.980010986328,255.509994506836,259.519989013672,259.519989013672,80521800
2024-10-30,258.040008544922,263.350006103516,255.820007324219,257.549987792969,257.549987792969,53993600
2024-10-31,257.989990234375,259.75,249.25,249.850006103516,249.850006103516,66575300
2024-11-01,252.039993286133,254,246.630004882812,248.979995727539,248.979995727539,57544800
2024-11-04,244.559997558594,248.899993896484,238.880004882812,242.839996337891,242.839996337891,68802400
2024-11-05,247.339996337891,255.279998779297,246.210006713867,251.440002441406,251.440002441406,69282500
2024-11-06,284.670013427734,289.589996337891,275.619995117188,288.529998779297,288.529998779297,165228700
2024-11-07,288.890014648438,299.75,285.519989013672,296.910003662109,296.910003662109,117309200
2024-11-08,299.140014648438,328.709991455078,297.660003662109,321.220001220703,321.220001220703,204782800
2024-11-11,346.299987792969,358.640014648438,336,350,350,210521600
2024-11-12,342.739990234375,345.839996337891,323.309997558594,328.489990234375,328.489990234375,155726000
2024-11-13,335.850006103516,344.600006103516,322.5,330.239990234375,330.239990234375,125405600
2024-11-14,327.690002441406,329.980010986328,310.369995117188,311.179992675781,311.179992675781,120726100
2024-11-15,310.570007324219,324.679992675781,309.220001220703,320.720001220703,320.720001220703,114440300
2024-11-18,340.730010986328,348.549987792969,330.010009765625,338.739990234375,338.739990234375,126085600
2024-11-19,335.760009765625,347.380004882812,332.75,346,346,88852500
2024-11-20,345,346.600006103516,334.299987792969,342.029998779297,342.029998779297,66340700
2024-11-21,343.809997558594,347.989990234375,335.279998779297,339.640014648438,339.640014648438,58011700
2024-11-22,341.089996337891,361.529998779297,337.700012207031,352.559997558594,352.559997558594,89140700
2024-11-25,360.140014648438,361.929992675781,338.200012207031,338.589996337891,338.589996337891,95890900
2024-11-26,341,346.959991455078,335.660003662109,338.230010986328,338.230010986328,62295900
2024-11-27,341.799987792969,342.549987792969,326.589996337891,332.890014648438,332.890014648438,57896400
2024-11-29,336.079986572266,345.450012207031,334.649993896484,345.160003662109,345.160003662109,37167600
2024-12-02,352.380004882812,360,351.149993896484,357.089996337891,357.089996337891,77986500
2024-12-03,351.799987792969,355.690002441406,348.200012207031,351.420013427734,351.420013427734,58267200
2024-12-04,353,358.100006103516,348.600006103516,357.929992675781,357.929992675781,50810900
2024-12-05,359.869995117188,375.429992675781,359.5,369.489990234375,369.489990234375,81403600
2024-12-06,377.420013427734,389.489990234375,370.799987792969,389.220001220703,389.220001220703,81455800
2024-12-09,397.609985351562,404.799987792969,378.010009765625,389.790008544922,389.790008544922,96359200
2024-12-10,392.679992675781,409.730010986328,390.850006103516,400.989990234375,400.989990234375,97563600
2024-12-11,409.700012207031,424.880004882812,402.380004882812,424.769989013672,424.769989013672,104287600
2024-12-12,424.839996337891,429.299987792969,415,418.100006103516,418.100006103516,87752200
2024-12-13,420,436.299987792969,415.709991455078,436.230010986328,436.230010986328,89000200
2024-12-16,441.089996337891,463.190002441406,436.149993896484,463.019989013672,463.019989013672,114083800
2024-12-17,475.899993896484,483.989990234375,457.510009765625,479.859985351562,479.859985351562,131223000
2024-12-18,466.5,488.540008544922,427.010009765625,440.130004882812,440.130004882812,149340800
2024-12-19,451.880004882812,456.359985351562,420.019989013672,436.170013427734,436.170013427734,118566100
2024-12-20,425.510009765625,447.079986572266,417.640014648438,421.059997558594,421.059997558594,132216200
2024-12-23,431,434.510009765625,415.410003662109,430.600006103516,430.600006103516,72698100
2024-12-24,435.899993896484,462.779998779297,435.140014648438,462.279998779297,462.279998779297,59551800
2024-12-26,465.160003662109,465.329986572266,451.019989013672,454.130004882812,454.130004882812,76366400
2024-12-27,449.519989013672,450,426.5,431.660003662109,431.660003662109,82666800
2024-12-30,419.399993896484,427,415.75,417.410003662109,417.410003662109,64941000
2024-12-31,423.790008544922,427.929992675781,402.540008544922,403.839996337891,403.839996337891,76825100
2025-01-02,390.100006103516,392.730010986328,373.040008544922,379.279998779297,379.279998779297,109710700
2025-01-03,381.480010986328,411.880004882812,379.450012207031,410.440002441406,410.440002441406,95423300
2025-01-06,423.200012207031,426.429992675781,401.700012207031,411.049987792969,411.049987792969,85516500
2025-01-07,405.829986572266,414.329986572266,390,394.359985351562,394.359985351562,75699500
2025-01-08,392.950012207031,402.5,387.399993896484,394.940002441406,394.940002441406,73038800
2025-01-10,391.399993896484,399.279998779297,377.290008544922,394.739990234375,394.739990234375,62287300
2025-01-13,383.209991455078,403.790008544922,380.070007324219,403.309997558594,403.309997558594,67580500
2025-01-14,414.339996337891,422.640014648438,394.540008544922,396.359985351562,396.359985351562,84565000
2025-01-15,409.899993896484,429.799987792969,405.660003662109,428.220001220703,428.220001220703,81375500
2025-01-16,423.489990234375,424,409.130004882812,413.820007324219,413.820007324219,68335200
2025-01-17,421.5,439.739990234375,419.75,426.5,426.5,94991400
2025-01-21,432.640014648438,433.200012207031,406.309997558594,424.070007324219,424.070007324219,87320900
2025-01-22,416.809997558594,428,414.589996337891,415.109985351562,415.109985351562,60963300
2025-01-23,416.059997558594,420.730010986328,408.950012207031,412.380004882812,412.380004882812,50690600
2025-01-24,414.450012207031,418.880004882812,405.779998779297,406.579986572266,406.579986572266,56427100
2025-01-27,394.799987792969,406.690002441406,389,397.149993896484,397.149993896484,58125500
2025-01-28,396.910003662109,400.589996337891,386.5,398.089996337891,398.089996337891,48910700
2025-01-29,395.209991455078,398.589996337891,384.480010986328,389.100006103516,389.100006103516,68033600
2025-01-30,410.779998779297,412.5,384.410003662109,400.279998779297,400.279998779297,98092900
2025-01-31,401.529998779297,419.989990234375,401.339996337891,404.600006103516,404.600006103516,83283600
2025-02-03,386.679992675781,389.170013427734,374.359985351562,383.679992675781,383.679992675781,93732100
2025-02-04,382.630004882812,394,381.399993896484,392.209991455078,392.209991455078,57072200
2025-02-05,387.510009765625,388.390014648438,375.529998779297,378.170013427734,378.170013427734,57223300
2025-02-06,373.029998779297,375.399993896484,363.179992675781,374.320007324219,374.320007324219,77918200
2025-02-07,370.190002441406,380.549987792969,360.339996337891,361.619995117188,361.619995117188,70298300
2025-02-10,356.209991455078,362.700012207031,350.510009765625,350.730010986328,350.730010986328,77514900
2025-02-11,345.799987792969,349.369995117188,325.100006103516,328.5,328.5,118543400
2025-02-12,329.940002441406,346.399993896484,329.119995117188,336.510009765625,336.510009765625,105382700
2025-02-13,345,358.690002441406,342.850006103516,355.940002441406,355.940002441406,89441500
2025-02-14,360.619995117188,362,347.5,355.839996337891,355.839996337891,68277300
2025-02-18,355.010009765625,359.100006103516,350.019989013672,354.109985351562,354.109985351562,51631700
2025-02-19,354,367.339996337891,353.670013427734,360.559997558594,360.559997558594,67094400
2025-02-20,361.510009765625,362.299987792969,348,354.399993896484,354.399993896484,45965400
2025-02-21,353.440002441406,354.980010986328,334.420013427734,337.799987792969,337.799987792969,74058600
2025-02-24,338.140014648438,342.399993896484,324.700012207031,330.529998779297,330.529998779297,76052300
2025-02-25,327.019989013672,328.890014648438,297.25,302.799987792969,302.799987792969,134228800
2025-02-26,303.709991455078,309,288.040008544922,290.799987792969,290.799987792969,100118300
2025-02-27,291.160003662109,297.230010986328,280.880004882812,281.950012207031,281.950012207031,101748200
2025-02-28,279.5,293.880004882812,273.600006103516,292.980010986328,292.980010986328,115697000
2025-03-03,300.339996337891,303.940002441406,277.299987792969,284.649993896484,284.649993896484,115551400
2025-03-04,270.929992675781,284.350006103516,261.839996337891,272.040008544922,272.040008544922,126706600
2025-03-05,272.920013427734,279.549987792969,267.709991455078,279.100006103516,279.100006103516,94042900
2025-03-06,272.059997558594,272.649993896484,260.019989013672,263.450012207031,263.450012207031,98451600
2025-03-07,259.320007324219,266.25,250.729995727539,262.670013427734,262.670013427734,102369600
2025-03-10,252.539993286133,253.369995117188,220,222.149993896484,222.149993896484,189076900
2025-03-11,225.309997558594,237.059997558594,217.020004272461,230.580001831055,230.580001831055,174896400
2025-03-12,247.220001220703,251.839996337891,241.100006103516,248.089996337891,248.089996337891,142215700
2025-03-13,248.130004882812,248.289993286133,232.600006103516,240.679992675781,240.679992675781,114813500
2025-03-14,247.309997558594,251.580001831055,240.729995727539,249.979995727539,249.979995727539,100242300
2025-03-17,245.059997558594,245.399993896484,232.800003051758,238.009994506836,238.009994506836,111900600
2025-03-18,228.160003662109,230.100006103516,222.279998779297,225.309997558594,225.309997558594,111477600
2025-03-19,231.610000610352,241.410003662109,229.199996948242,235.860000610352,235.860000610352,111993800
2025-03-20,233.350006103516,238,230.050003051758,236.259994506836,236.259994506836,99028300
2025-03-21,234.990005493164,249.520004272461,234.550003051758,248.710006713867,248.710006713867,132728700
2025-03-24,258.079986572266,278.640014648438,256.329986572266,278.390014648438,278.390014648438,169079900
2025-03-25,283.600006103516,288.200012207031,271.279998779297,288.140014648438,288.140014648438,150361500
2025-03-26,282.660003662109,284.899993896484,266.510009765625,272.059997558594,272.059997558594,153629800
2025-03-27,272.480010986328,291.850006103516,271.820007324219,273.130004882812,273.130004882812,162572100
2025-03-28,275.579986572266,276.100006103516,260.570007324219,263.549987792969,263.549987792969,123809400
2025-03-31,249.309997558594,260.559997558594,243.360000610352,259.160003662109,259.160003662109,134008900
2025-04-01,263.799987792969,277.450012207031,259.25,268.459991455078,268.459991455078,146486900
2025-04-02,254.600006103516,284.989990234375,251.270004272461,282.760009765625,282.760009765625,212787800
2025-04-03,265.290008544922,276.299987792969,261.510009765625,267.279998779297,267.279998779297,136174300
2025-04-04,255.380004882812,261,236,239.429992675781,239.429992675781,181229400
2025-04-07,223.779998779297,252,214.25,233.289993286133,233.289993286133,183453800
2025-04-08,245,250.440002441406,217.800003051758,221.860000610352,221.860000610352,171603500
2025-04-09,224.690002441406,274.690002441406,223.880004882812,272.200012207031,272.200012207031,219433400
2025-04-10,260,262.489990234375,239.330001831055,252.399993896484,252.399993896484,181722600
2025-04-11,251.839996337891,257.739990234375,241.360000610352,252.309997558594,252.309997558594,128948100
2025-04-14,258.359985351562,261.799987792969,245.929992675781,252.350006103516,252.350006103516,100135200
2025-04-15,249.910003662109,258.75,247.539993286133,254.110000610352,254.110000610352,79594300
2025-04-16,247.610000610352,251.970001220703,233.889999389648,241.550003051758,241.550003051758,112378700
2025-04-17,243.470001220703,244.339996337891,237.679992675781,241.369995117188,241.369995117188,83404800
2025-04-21,230.259994506836,232.210006713867,222.789993286133,227.5,227.5,97768000
2025-04-22,230.960006713867,242.789993286133,229.850006103516,237.970001220703,237.970001220703,120858500
2025-04-23,254.860000610352,259.450012207031,244.429992675781,250.740005493164,250.740005493164,150381900
2025-04-24,250.5,259.540008544922,249.199996948242,259.510009765625,259.510009765625,94464200
2025-04-25,261.690002441406,286.850006103516,259.630004882812,284.950012207031,284.950012207031,167560700
2025-04-28,288.980010986328,294.859985351562,272.420013427734,285.880004882812,285.880004882812,151731800
2025-04-29,285.5,293.320007324219,279.470001220703,292.029998779297,292.029998779297,108906600
2025-04-30,279.899993896484,284.450012207031,270.779998779297,282.160003662109,282.160003662109,128961100
2025-05-01,280.010009765625,290.869995117188,279.809997558594,280.519989013672,280.519989013672,99659000
2025-05-02,284.899993896484,294.779998779297,279.809997558594,287.209991455078,287.209991455078,114454700
2025-05-05,284.570007324219,284.850006103516,274.399993896484,280.260009765625,280.260009765625,94618900
2025-05-06,273.109985351562,277.730010986328,271.350006103516,275.350006103516,275.350006103516,76715800
2025-05-07,276.880004882812,277.920013427734,271,276.220001220703,276.220001220703,71592600
2025-05-08,279.630004882812,289.799987792969,279.410003662109,284.820007324219,284.820007324219,97539400
2025-05-09,290.209991455078,307.040008544922,290,298.260009765625,298.260009765625,132387800
2025-05-12,321.989990234375,322.209991455078,311.5,318.380004882812,318.380004882812,112826700
2025-05-13,320,337.589996337891,316.799987792969,334.070007324219,334.070007324219,136992600
2025-05-14,342.5,350,337,347.679992675781,347.679992675781,136997300
2025-05-15,340.339996337891,346.140014648438,334.720001220703,342.820007324219,342.820007324219,97882600
2025-05-16,346.239990234375,351.619995117188,342.329986572266,349.980010986328,349.980010986328,95895700
2025-05-19,336.299987792969,343,333.369995117188,342.089996337891,342.089996337891,88869900
2025-05-20,347.869995117188,354.989990234375,341.630004882812,343.820007324219,343.820007324219,131715500
2025-05-21,344.429992675781,347.350006103516,332.200012207031,334.619995117188,334.619995117188,102354800
2025-05-22,331.899993896484,347.269989013672,331.390014648438,341.040008544922,341.040008544922,97113400
2025-05-23,337.920013427734,343.179992675781,333.209991455078,339.339996337891,339.339996337891,84654800
2025-05-27,347.350006103516,363.790008544922,347.320007324219,362.890014648438,362.890014648438,120146400
2025-05-28,364.839996337891,365,355.910003662109,356.899993896484,356.899993896484,91404300
2025-05-29,365.290008544922,367.709991455078,356,358.429992675781,358.429992675781,88087800
2025-05-30,355.519989013672,363.679992675781,345.290008544922,346.459991455078,346.459991455078,123474900
2025-06-02,343.5,348.019989013672,333.329986572266,342.690002441406,342.690002441406,81873800
2025-06-03,346.600006103516,355.399993896484,343.040008544922,344.269989013672,344.269989013672,99324500
2025-06-04,345.100006103516,345.600006103516,327.329986572266,332.049987792969,332.049987792969,98912100
2025-06-05,322.489990234375,324.549987792969,273.209991455078,284.700012207031,284.700012207031,287499800
2025-06-06,298.829986572266,305.5,291.140014648438,295.140014648438,295.140014648438,164747700
2025-06-09,285.959991455078,309.829986572266,281.850006103516,308.579986572266,308.579986572266,140908900
2025-06-10,314.940002441406,327.829986572266,310.670013427734,326.089996337891,326.089996337891,151256500
2025-06-11,334.399993896484,335.5,322.5,326.429992675781,326.429992675781,122611400
2025-06-12,323.079986572266,332.559997558594,316.859985351562,319.109985351562,319.109985351562,105127500
2025-06-13,313.970001220703,332.989990234375,313.299987792969,325.309997558594,325.309997558594,128964300
2025-06-16,331.290008544922,332.049987792969,326.410003662109,329.130004882812,329.130004882812,83925900
2025-06-17,326.089996337891,327.260009765625,314.739990234375,316.350006103516,316.350006103516,88282700
2025-06-18,317.309997558594,329.320007324219,315.450012207031,322.049987792969,322.049987792969,95137700
2025-06-20,327.950012207031,332.359985351562,317.779998779297,322.160003662109,322.160003662109,108688000
2025-06-23,327.540008544922,357.540008544922,327.480010986328,348.679992675781,348.679992675781,190716800
2025-06-24,356.170013427734,356.260009765625,340.440002441406,340.470001220703,340.470001220703,114736200
2025-06-25,342.700012207031,343,320.399993896484,327.549987792969,327.549987792969,119845100
2025-06-26,324.609985351562,331.049987792969,323.609985351562,325.779998779297,325.779998779297,80440900
2025-06-27,324.510009765625,329.339996337891,317.5,323.630004882812,323.630004882812,89067000
2025-06-30,319.899993896484,325.579986572266,316.600006103516,317.660003662109,317.660003662109,76695100
2025-07-01,298.459991455078,305.890014648438,293.209991455078,300.709991455078,300.709991455078,145085700
2025-07-02,312.630004882812,316.829986572266,303.820007324219,315.649993896484,315.649993896484,119483700
2025-07-03,317.989990234375,318.450012207031,312.760009765625,315.350006103516,315.350006103516,58042300
2025-07-07,291.369995117188,296.149993896484,288.769989013672,293.940002441406,293.940002441406,131177900
2025-07-08,297,304.049987792969,294.350006103516,297.809997558594,297.809997558594,103246700
2025-07-09,297.549987792969,300.149993896484,293.549987792969,295.880004882812,295.880004882812,75586800
2025-07-10,300.049987792969,310.480010986328,300,309.869995117188,309.869995117188,104365300
2025-07-11,307.890014648438,314.089996337891,305.649993896484,313.510009765625,313.510009765625,79236400
2025-07-14,317.730010986328,322.600006103516,312.670013427734,316.899993896484,316.899993896484,78043400
2025-07-15,319.679992675781,321.200012207031,310.5,310.779998779297,310.779998779297,77556300
2025-07-16,312.799987792969,323.5,312.619995117188,321.670013427734,321.670013427734,97284800
2025-07-17,323.149993896484,324.339996337891,317.059997558594,319.410003662109,319.410003662109,73922900
2025-07-18,321.660003662109,330.899993896484,321.420013427734,329.649993896484,329.649993896484,94255000
2025-07-21,334.399993896484,338,326.880004882812,328.489990234375,328.489990234375,75768800
2025-07-22,329.739990234375,335.410003662109,321.549987792969,332.109985351562,332.109985351562,77370400
2025-07-23,330.899993896484,336.200012207031,328.670013427734,332.559997558594,332.559997558594,92553800
2025-07-24,310,310.149993896484,300.410003662109,305.299987792969,305.299987792969,156966000
2025-07-25,308.739990234375,323.630004882812,308.010009765625,316.059997558594,316.059997558594,148227000
2025-07-28,318.450012207031,330.489990234375,315.690002441406,325.589996337891,325.589996337891,112673800
2025-07-29,325.549987792969,326.25,318.25,321.200012207031,321.200012207031,87358900
2025-07-30,322.179992675781,324.450012207031,311.619995117188,319.040008544922,319.040008544922,83931900
2025-07-31,319.609985351562,321.369995117188,306.100006103516,308.269989013672,308.269989013672,85270900
2025-08-01,306.209991455078,309.309997558594,297.820007324219,302.630004882812,302.630004882812,89121400
2025-08-04,309.079986572266,312.119995117188,303,309.260009765625,309.260009765625,78683900
2025-08-05,308.950012207031,312.450012207031,305.5,308.720001220703,308.720001220703,57961300
2025-08-06,307.890014648438,320.470001220703,306.929992675781,319.910003662109,319.910003662109,78523600
2025-08-07,319.790008544922,322.399993896484,316.160003662109,322.269989013672,322.269989013672,66658700
2025-08-08,321.429992675781,335.149993896484,320.980010986328,329.649993896484,329.649993896484,91200300
2025-08-11,335,346.640014648438,334.149993896484,339.029998779297,339.029998779297,105320200
2025-08-12,345,345.260009765625,332.940002441406,340.839996337891,340.839996337891,80522100
2025-08-13,341.5,348.980010986328,338.200012207031,339.380004882812,339.380004882812,67838900
2025-08-14,335.760009765625,340.470001220703,330.399993896484,335.579986572266,335.579986572266,75000700
2025-08-15,337.660003662109,339.299987792969,327.019989013672,330.559997558594,330.559997558594,74319800
2025-08-18,329.619995117188,336.269989013672,329.589996337891,335.160003662109,335.160003662109,56956600
2025-08-19,335.790008544922,340.549987792969,327.850006103516,329.309997558594,329.309997558594,75956000
2025-08-20,329.220001220703,331.369995117188,314.600006103516,323.899993896484,323.899993896484,77481800
2025-08-21,322.079986572266,324.899993896484,318.679992675781,320.109985351562,320.109985351562,55744400
2025-08-22,321.660003662109,340.25,319.690002441406,340.010009765625,340.010009765625,94016300
2025-08-25,338.899993896484,349.529998779297,335.029998779297,346.600006103516,346.600006103516,86670000
2025-08-26,344.929992675781,351.899993896484,343.720001220703,351.670013427734,351.670013427734,76651600
2025-08-27,351.940002441406,355.390014648438,349.160003662109,349.600006103516,349.600006103516,65519000
2025-08-28,350.910003662109,353.549987792969,340.260009765625,345.980010986328,345.980010986328,67903200
2025-08-29,347.230010986328,348.75,331.700012207031,333.869995117188,333.869995117188,81145700
2025-09-02,328.230010986328,333.329986572266,325.600006103516,329.359985351562,329.359985351562,58392000
2025-09-03,335.200012207031,343.329986572266,328.510009765625,334.089996337891,334.089996337891,88733300
2025-09-04,336.149993896484,338.890014648438,331.480010986328,338.529998779297,338.529998779297,60711000
2025-09-05,348,355.869995117188,344.679992675781,350.839996337891,350.839996337891,108989800
2025-09-08,354.640014648438,358.440002441406,344.839996337891,346.399993896484,346.399993896484,75208300
2025-09-09,348.440002441406,350.769989013672,343.820007324219,346.970001220703,346.970001220703,53816000
2025-09-10,350.549987792969,356.329986572266,346.070007324219,347.790008544922,347.790008544922,72121700
2025-09-11,350.170013427734,368.989990234375,347.600006103516,368.809997558594,368.809997558594,103756000
2025-09-12,370.940002441406,396.690002441406,370.239990234375,395.940002441406,395.940002441406,168156400
2025-09-15,423.130004882812,425.700012207031,402.429992675781,410.040008544922,410.040008544922,163823700
2025-09-16,414.5,423.25,411.429992675781,421.619995117188,421.619995117188,104285700
2025-09-17,415.75,428.309997558594,409.670013427734,425.859985351562,425.859985351562,106133500
2025-09-18,428.869995117188,432.220001220703,416.559997558594,416.850006103516,416.850006103516,90454500
2025-09-19,421.820007324219,429.470001220703,421.720001220703,426.070007324219,426.070007324219,93131000
2025-09-22,431.109985351562,444.980010986328,429.130004882812,434.209991455078,434.209991455078,97108800
2025-09-23,439.880004882812,440.970001220703,423.720001220703,425.850006103516,425.850006103516,83422700
2025-09-24,429.829986572266,444.209991455078,429.029998779297,442.790008544922,442.790008544922,93133600
2025-09-25,435.239990234375,435.350006103516,419.079986572266,423.390014648438,423.390014648438,96746400
2025-09-26,428.299987792969,440.470001220703,421.019989013672,440.399993896484,440.399993896484,101628200
2025-09-29,444.350006103516,450.980010986328,439.5,443.209991455078,443.209991455078,79491500
2025-09-30,441.519989013672,445,433.119995117188,444.720001220703,444.720001220703,74358000
2025-10-01,443.799987792969,462.290008544922,440.75,459.459991455078,459.459991455078,98122300
2025-10-02,470.540008544922,470.75,435.570007324219,436,436,137009000
2025-10-03,443.290008544922,446.769989013672,416.579986572266,429.829986572266,429.829986572266,133188200
2025-10-06,440.75,453.549987792969,436.690002441406,453.25,453.25,85324900
2025-10-07,447.820007324219,452.679992675781,432.450012207031,433.089996337891,433.089996337891,102296100
2025-10-08,437.570007324219,441.329986572266,425.230010986328,438.690002441406,438.690002441406,71192100
2025-10-09,431.809997558594,436.350006103516,426.179992675781,435.540008544922,435.540008544922,69339900
2025-10-10,436.540008544922,443.130004882812,411.450012207031,413.489990234375,413.489990234375,112107900
2025-10-13,423.529998779297,436.890014648438,419.700012207031,435.899993896484,435.899993896484,79552800
2025-10-14,426.790008544922,434.200012207031,417.859985351562,429.239990234375,429.239990234375,72669400
2025-10-15,434.899993896484,440.510009765625,426.329986572266,435.149993896484,435.149993896484,71558200
2025-10-16,434.730010986328,439.350006103516,421.309997558594,428.75,428.75,77189900
2025-10-17,425.5,441.459991455078,423.600006103516,439.309997558594,439.309997558594,89331600
2025-10-20,443.869995117188,449.799987792969,440.609985351562,447.429992675781,447.429992675781,63719000
2025-10-21,445.760009765625,449.299987792969,442.049987792969,442.600006103516,442.600006103516,54412200
2025-10-22,443.450012207031,445.540008544922,429,438.970001220703,438.970001220703,84023500
2025-10-23,420,449.399993896484,413.899993896484,448.980010986328,448.980010986328,126709800
2025-10-24,446.829986572266,451.679992675781,430.170013427734,433.720001220703,433.720001220703,94727800
2025-10-27,439.980010986328,460.160003662109,438.690002441406,452.420013427734,452.420013427734,105867500
2025-10-28,454.779998779297,467,451.600006103516,460.549987792969,460.549987792969,80185700
2025-10-29,462.5,465.700012207031,452.649993896484,461.510009765625,461.510009765625,67983500
2025-10-30,451.049987792969,455.059997558594,439.609985351562,440.100006103516,440.100006103516,72447900
2025-10-31,446.75,458,443.690002441406,456.559997558594,456.559997558594,83135800
2025-11-03,455.989990234375,474.070007324219,453.799987792969,468.369995117188,468.369995117188,84595200
2025-11-04,454.459991455078,460.220001220703,443.600006103516,444.260009765625,444.260009765625,87756600
2025-11-05,452.049987792969,466.329986572266,440.709991455078,462.070007324219,462.070007324219,85573000
2025-11-06,461.959991455078,467.450012207031,435.089996337891,445.910003662109,445.910003662109,109622900
2025-11-07,437.920013427734,439.359985351562,421.880004882812,429.519989013672,429.519989013672,103471500
2025-11-10,439.600006103516,449.670013427734,433.359985351562,445.230010986328,445.230010986328,76515900
2025-11-11,439.399993896484,442.489990234375,432.359985351562,439.619995117188,439.619995117188,60533200
2025-11-12,442.149993896484,442.329986572266,426.559997558594,430.600006103516,430.600006103516,58513500
2025-11-13,423.130004882812,424.5,396.339996337891,401.989990234375,401.989990234375,118948000
2025-11-14,386.299987792969,412.190002441406,382.779998779297,404.350006103516,404.350006103516,105506700
2025-11-17,398.739990234375,423.959991455078,398.739990234375,408.920013427734,408.920013427734,102214300
2025-11-18,405.380004882812,408.899993896484,393.709991455078,401.25,401.25,80688600
2025-11-19,406.179992675781,411.779998779297,398.5,403.989990234375,403.989990234375,72047700
2025-11-20,414.630004882812,428.940002441406,394.739990234375,395.230010986328,395.230010986328,113548800
2025-11-21,402.320007324219,402.799987792969,383.760009765625,391.089996337891,391.089996337891,100460600
2025-11-24,402.170013427734,421.720001220703,401.089996337891,417.779998779297,417.779998779297,96806400
2025-11-25,414.420013427734,420.480010986328,405.950012207031,419.399993896484,419.399993896484,71915600
2025-11-26,423.950012207031,426.940002441406,416.890014648438,426.579986572266,426.579986572266,63463000
2025-11-28,426.589996337891,432.929992675781,426.200012207031,430.170013427734,430.170013427734,36252900
2025-12-01,425.320007324219,433.660003662109,425.290008544922,430.140014648438,430.140014648438,57463600
2025-12-02,430.809997558594,436.799987792969,422.119995117188,429.239990234375,429.239990234375,69336600
2025-12-03,432.100006103516,447.920013427734,431.109985351562,446.739990234375,446.739990234375,87483000
2025-12-04,449.940002441406,454.630004882812,445.390014648438,454.529998779297,454.529998779297,71906500
2025-12-05,453.029998779297,458.869995117188,451.660003662109,455,455,56427500
2025-12-08,447.450012207031,449.75,435.25,439.579986572266,439.579986572266,69165800
2025-12-09,437.540008544922,452.390014648438,435.700012207031,445.170013427734,445.170013427734,62367400
2025-12-10,446.070007324219,456.880004882812,443.609985351562,451.450012207031,451.450012207031,63257500
2025-12-11,448.950012207031,449.269989013672,440.329986572266,446.890014648438,446.890014648438,55979500
2025-12-12,448.089996337891,463.010009765625,441.670013427734,458.959991455078,458.959991455078,95656700
2025-12-15,469.440002441406,481.769989013672,467.660003662109,475.309997558594,475.309997558594,114542200
2025-12-16,472.209991455078,491.5,465.829986572266,489.880004882812,489.880004882812,107608100
2025-12-17,488.220001220703,495.279998779297,466.200012207031,467.260009765625,467.260009765625,106490400
2025-12-18,478.160003662109,490.859985351562,473.119995117188,483.369995117188,483.369995117188,95168400
2025-12-19,488.119995117188,490.489990234375,474.720001220703,481.200012207031,481.200012207031,103305400
2025-12-22,489.880004882812,498.829986572266,485.329986572266,488.730010986328,488.730010986328,86916100
2025-12-23,489.399993896484,491.970001220703,482.839996337891,485.559997558594,485.559997558594,58223600
2025-12-24,488.480010986328,490.899993896484,476.799987792969,485.399993896484,485.399993896484,41285400
2025-12-26,485.230010986328,489.089996337891,473.820007324219,475.190002441406,475.190002441406,58780700
2025-12-29,469,469.399993896484,459,459.640014648438,459.640014648438,66263000
2025-12-30,461.089996337891,463.119995117188,453.829986572266,454.429992675781,454.429992675781,59238500
2025-12-31,456.100006103516,456.549987792969,449.299987792969,449.720001220703,449.720001220703,49078000
2026-01-02,457.799987792969,458.339996337891,435.299987792969,438.070007324219,438.070007324219,85535400
2026-01-05,447.989990234375,457.549987792969,444.570007324219,451.670013427734,451.670013427734,67940800
2026-01-06,446.380004882812,448.25,428.779998779297,432.959991455078,432.959991455078,89093800
2026-01-07,435.899993896484,438.369995117188,431.290008544922,431.410003662109,431.410003662109,59828800
2026-01-08,427.890014648438,436.890014648438,424.369995117188,435.799987792969,435.799987792969,57041100
2026-01-09,435.950012207031,449.049987792969,430.390014648438,445.010009765625,445.010009765625,67331500
2026-01-12,441.230010986328,454.299987792969,438,448.959991455078,448.959991455078,61649600
2026-01-13,450.200012207031,451.809997558594,443.950012207031,447.200012207031,447.200012207031,53719200
2026-01-14,442.809997558594,443.910003662109,434.220001220703,439.200012207031,439.200012207031,57259500
2026-01-15,441.130004882812,445.359985351562,437.649993896484,438.570007324219,438.570007324219,49465800
2026-01-16,439.5,447.25,435.260009765625,437.5,437.5,60220600
2026-01-20,429.359985351562,430.730010986328,417.440002441406,419.25,419.25,63187300
2026-01-21,421.660003662109,438.200012207031,419.619995117188,431.440002441406,431.440002441406,68124000
2026-01-22,435.160003662109,449.5,432.630004882812,449.359985351562,449.359985351562,71546700
2026-01-23,447.429992675781,452.429992675781,444.040008544922,449.059997558594,449.059997558594,56771400
2026-01-26,445,445.040008544922,434.279998779297,435.200012207031,435.200012207031,49397400
2026-01-27,437.410003662109,437.519989013672,430.690002441406,430.899993896484,430.899993896484,37733100
2026-01-28,431.910003662109,438.260009765625,430.100006103516,431.459991455078,431.459991455078,54857400
2026-01-29,437.799987792969,440.230010986328,414.619995117188,416.559997558594,416.559997558594,81686100
2026-01-30,425.350006103516,439.880004882812,422.700012207031,430.410003662109,430.410003662109,82626100
2026-02-02,421.290008544922,427.149993896484,414.5,421.809997558594,421.809997558594,58739500
2026-02-03,424.269989013672,428.559997558594,413.690002441406,421.959991455078,421.959991455078,56886500
2026-02-04,420.459991455078,423.899993896484,399.179992675781,406.010009765625,406.010009765625,74606900
2026-02-05,397.019989013672,402.100006103516,387.529998779297,397.209991455078,397.209991455078,72819800
2026-02-06,400.869995117188,414.549987792969,397.75,411.109985351562,411.109985351562,62677100
2026-02-09,409.910003662109,421.25,407.290008544922,417.320007324219,417.320007324219,54484300
2026-02-10,418.079986572266,427.25,417,425.209991455078,425.209991455078,64450200
2026-02-11,427.959991455078,436.350006103516,420.029998779297,428.269989013672,428.269989013672,57362000
2026-02-12,430.299987792969,436.230010986328,414,417.070007324219,417.070007324219,61933400
2026-02-13,414.309997558594,424.059997558594,410.880004882812,417.440002441406,417.440002441406,51434100
2026-02-17,412.359985351562,413.720001220703,400.510009765625,410.630004882812,410.630004882812,59678800
2026-02-18,411.109985351562,416.899993896484,409.579986572266,411.320007324219,411.320007324219,45921400
2026-02-19,407.25,415.25,404.109985351562,411.709991455078,411.709991455078,51019600
2026-02-20,408.299987792969,414.700012207031,405.5,411.820007324219,411.820007324219,57912200
2026-02-23,407.290008544922,407.700012207031,394.040008544922,399.829986572266,399.829986572266,69680000
2026-02-24,399.5,410.820007324219,397.640014648438,409.380004882812,409.380004882812,58579500
2026-02-25,412.149993896484,420.339996337891,412.149993896484,417.399993896484,417.399993896484,54809700
2026-02-26,414.420013427734,416.809997558594,403.660003662109,408.579986572266,408.579986572266,53602500
2026-02-27,402.940002441406,407.119995117188,398.109985351562,402.510009765625,402.510009765625,56890100
2026-03-02,390.600006103516,404.540008544922,388.25,403.320007324219,403.320007324219,55088300
2026-03-03,395.089996337891,396.339996337891,385.390014648438,392.429992675781,392.429992675781,62617300
2026-03-04,397.850006103516,408.329986572266,394.579986572266,405.940002441406,405.940002441406,68305500
2026-03-05,401.570007324219,408.619995117188,399.420013427734,405.549987792969,405.549987792969,51925900
2026-03-06,398.089996337891,402.350006103516,394.209991455078,396.730010986328,396.730010986328,64054600
2026-03-09,390.049987792969,401.589996337891,381.399993896484,398.679992675781,398.679992675781,67018900
2026-03-10,402.220001220703,406.589996337891,398.190002441406,399.239990234375,399.239990234375,59258700
2026-03-11,402.279998779297,416.380004882812,402.149993896484,407.820007324219,407.820007324219,62559900
2026-03-12,405.179992675781,406.5,394.649993896484,395.010009765625,395.010009765625,60973800
2026-03-13,399.170013427734,400.200012207031,389.950012207031,391.200012207031,391.200012207031,58504100
2026-03-16,396.220001220703,403.730010986328,394.420013427734,395.559997558594,395.559997558594,58068300
2026-03-17,395.690002441406,400.119995117188,393,399.269989013672,399.269989013672,46890500
2026-03-18,399,403.070007324219,392.309997558594,392.779998779297,392.779998779297,50853100
2026-03-19,387.269989013672,387.269989013672,378.730010986328,380.299987792969,380.299987792969,67078300
2026-03-20,379.850006103516,379.890014648438,364.459991455078,367.959991455078,367.959991455078,78628600
2026-03-23,373.089996337891,385.329986572266,372.730010986328,380.850006103516,380.850006103516,74606000
2026-03-24,376.559997558594,387.480010986328,376.309997558594,383.029998779297,383.029998779297,60004900
2026-03-25,389.989990234375,396.230010986328,385.010009765625,385.950012207031,385.950012207031,55157300
2026-03-26,381.600006103516,384.440002441406,371.869995117188,372.109985351562,372.109985351562,55522900
2026-03-27,369.690002441406,369.859985351562,359.470001220703,361.829986572266,361.829986572266,62065700
2026-03-30,365.859985351562,367.290008544922,352.140014648438,355.279998779297,355.279998779297,67954400
2026-03-31,361.510009765625,373.329986572266,361,371.75,371.75,75534900
2026-04-01,378.630004882812,383.140014648438,374.079986572266,381.260009765625,381.260009765625,58683800
2026-04-02,364.200012207031,370.279998779297,359.029998779297,360.589996337891,360.589996337891,83031200
2026-04-06,362.589996337891,367.720001220703,346.640014648438,352.820007324219,352.820007324219,77697600
2026-04-07,346.440002441406,348.019989013672,337.239990234375,346.649993896484,346.649993896484,74515400
2026-04-08,363.790008544922,364.5,339.670013427734,343.25,343.25,78838600
2026-04-09,343.149993896484,348.880004882812,337.25,345.619995117188,345.619995117188,62164000
2026-04-10,346.290008544922,350.359985351562,342.739990234375,348.950012207031,348.950012207031,51336000
2026-04-13,350.070007324219,356.350006103516,348.570007324219,352.420013427734,352.420013427734,53617500
2026-04-14,357.670013427734,367.630004882812,354.769989013672,364.200012207031,364.200012207031,59979600
2026-04-15,366.829986572266,394.649993896484,362.5,391.950012207031,391.950012207031,113810400
2026-04-16,393.809997558594,394.059997558594,381.799987792969,388.899993896484,388.899993896484,63515100
2026-04-17,395.920013427734,409.279998779297,391.649993896484,400.619995117188,400.619995117188,90640000
2026-04-20,402.579986572266,406.799987792969,388.329986572266,392.5,392.5,64603900
2026-04-21,393,393.950012207031,385.220001220703,386.420013427734,386.420013427734,50530600
2026-04-22,387.570007324219,393.010009765625,385.299987792969,387.510009765625,387.510009765625,62362800
2026-04-23,375.279998779297,386,368.390014648438,373.720001220703,373.720001220703,93969500
2026-04-24,373.5,382.760009765625,370.730010986328,376.299987792969,376.299987792969,62893300
2026-04-27,372.089996337891,380.779998779297,364.019989013672,378.670013427734,378.670013427734,66735800
2026-04-28,374.679992675781,382.290008544922,372.540008544922,376.019989013672,376.019989013672,50864400
2026-04-29,375.399993896484,376.399993896484,370.040008544922,372.799987792969,372.799987792969,45384800
2026-04-30,372.75,384.75,368.170013427734,381.630004882812,381.630004882812,51076000
2026-05-01,382.489990234375,397.820007324219,378.799987792969,390.820007324219,390.820007324219,65338300
2026-05-04,390.230010986328,394.640014648438,384.799987792969,392.510009765625,392.510009765625,48765100
2026-05-05,395.190002441406,402.119995117188,389,389.369995117188,389.369995117188,47780600
2026-05-06,386.25,401.679992675781,384.019989013672,398.730010986328,398.730010986328,53465400
2026-05-07,407.480010986328,415.829986572266,402.119995117188,411.790008544922,411.790008544922,64294200
2026-05-08,416.480010986328,431.200012207031,416.390014648438,428.350006103516,428.350006103516,65050000
2026-05-11,422.160003662109,449.160003662109,416.799987792969,445,445,78376100
2026-05-12,441.410003662109,447.799987792969,422.260009765625,433.450012207031,433.450012207031,60569300
2026-05-13,436.670013427734,453.399993896484,430.209991455078,445.269989013672,445.269989013672,68283200
2026-05-14,446.489990234375,451.980010986328,441.160003662109,443.299987792969,443.299987792969,46070400
2026-05-15,433.980010986328,434.660003662109,422,422.239990234375,422.239990234375,52688700
2026-05-18,419.269989013672,421.130004882812,405.329986572266,409.989990234375,409.989990234375,52474200
2026-05-19,403.160003662109,405.630004882812,393.630004882812,404.109985351562,404.109985351562,46500600
2026-05-20,407.600006103516,417.459991455078,406.390014648438,417.260009765625,417.260009765625,45294700
2026-05-21,422.179992675781,426.950012207031,412.899993896484,417.850006103516,417.850006103516,42636900
2026-05-22,422.670013427734,431.510009765625,420.510009765625,426.010009765625,426.010009765625,46104700
2026-05-26,430.260009765625,435.200012207031,426.119995117188,433.589996337891,433.589996337891,45658900
2026-05-27,442.890014648438,445.600006103516,435.519989013672,440.359985351562,440.359985351562,44656500
2026-05-28,437.619995117188,443.959991455078,436.299987792969,442.100006103516,442.100006103516,32435000
2026-05-29,439.850006103516,441.070007324219,428.140014648438,435.790008544922,435.790008544922,45176800
2026-06-01,427.489990234375,429.600006103516,415.429992675781,415.880004882812,415.880004882812,44937900
2026-06-02,418.220001220703,424.420013427734,413.649993896484,423.739990234375,423.739990234375,37596000
2026-06-03,418.700012207031,433.600006103516,416,423.700012207031,423.700012207031,44500700
2026-06-04,419.839996337891,426.350006103516,417.160003662109,418.450012207031,418.450012207031,35323300
2026-06-05,420.5,424.679992675781,388.589996337891,391,391,63420200
2026-06-08,396.329986572266,412.940002441406,394.720001220703,408.950012207031,408.950012207031,50328800
2026-06-09,411.029998779297,418.5,384.239990234375,396.679992675781,396.679992675781,59940200
2026-06-10,391.540008544922,397.089996337891,380.149993896484,381.589996337891,381.589996337891,49695600
2026-06-11,388.279998779297,399.540008544922,380.660003662109,399.149993896484,399.149993896484,45324300
2026-06-12,399.489990234375,406.679992675781,386.760009765625,406.429992675781,406.429992675781,63514500
2026-06-15,412.369995117188,416,407.100006103516,411.149993896484,411.149993896484,45620500
2026-06-16,404.109985351562,412.420013427734,400.540008544922,404.660003662109,404.660003662109,40255500
2026-06-17,401.529998779297,405.940002441406,393.760009765625,396.380004882812,396.380004882812,43534300
2026-06-18,398.100006103516,402.519989013672,384.700012207031,400.489990234375,400.489990234375,58384700
2026-06-22,394.850006103516,414.75,394.399993896484,405.049987792969,405.049987792969,47819500
2026-06-23,392.609985351562,392.869995117188,379.059997558594,381.609985351562,381.609985351562,50420200
2026-06-24,380.079986572266,384.579986572266,373.049987792969,375.529998779297,375.529998779297,37081400
2026-06-25,375.269989013672,379.119995117188,371.220001220703,375.119995117188,375.119995117188,30138800
2026-06-26,370.149993896484,387.799987792969,368.600006103516,379.709991455078,379.709991455078,53434100
2026-06-29,381.790008544922,413.269989013672,379.299987792969,411.839996337891,411.839996337891,57645800
2026-06-30,406,424.540008544922,406,420.600006103516,420.600006103516,43385600
2026-07-01,421.459991455078,432.859985351562,418.089996337891,425.299987792969,425.299987792969,40127900
2026-07-02,428.010009765625,432.350006103516,389.299987792969,393.450012207031,393.450012207031,73717700
2026-07-06,397.5,420,390.5,419.769989013672,419.769989013672,54727900
2026-07-07,416.959991455078,419.559997558594,401.880004882812,402.899993896484,402.899993896484,38149900
2026-07-08,399.380004882812,399.630004882812,390.510009765625,394.059997558594,394.059997558594,33844900
2026-07-09,393.989990234375,407.859985351562,390.859985351562,406.549987792969,406.549987792969,37835000
2026-07-10,410.489990234375,413.160003662109,402.809997558594,407.760009765625,407.760009765625,33410000
2026-07-13,404.609985351562,405.570007324219,391.369995117188,394.760009765625,394.760009765625,32809200
2026-07-14,399.049987792969,402.220001220703,394.760009765625,396.179992675781,396.179992675781,23385000
2026-07-15,399.399993896484,406.589996337891,390.660003662109,394.459991455078,394.459991455078,31549800
2026-07-16,392.350006103516,395.309997558594,385.320007324219,391.059997558594,391.059997558594,29269100
2026-07-17,381.779998779297,385.690002441406,377.220001220703,380.839996337891,380.839996337891,31394600
2026-07-20,386.049987792969,386.609985351562,369.429992675781,369.570007324219,369.570007324219,33901500
2026-07-21,371.170013427734,384.070007324219,369.980010986328,378.929992675781,378.929992675781,32735300
2026-07-22,375.529998779297,380.170013427734,372.899993896484,374.010009765625,374.010009765625,30646100
2026-07-23,341,342.109985351562,315.739990234375,319.690002441406,319.690002441406,115606400
2026-07-24,320.720001220703,322.959991455078,306.510009765625,313.029998779297,313.029998779297,62760000
2026-07-27,313.239990234375,317,304.279998779297,309.220001220703,309.220001220703,44919400
2026-07-28,305.929992675781,311.160003662109,300.690002441406,307.440002441406,307.440002441406,39802400
2026-07-29,307.140014648438,309.059997558594,297.380004882812,298.320007324219,298.320007324219,39478000
2026-07-30,302.700012207031,310.869995117188,301.329986572266,308.850006103516,308.850006103516,38005400
2026-07-31,309.690002441406,315.5,301.970001220703,311.209991455078,311.209991455078,36630600
2026-08-03,310.959991455078,324.649993896484,310.429992675781,322.079986572266,322.079986572266,38281400
2026-08-04,324,329.570007324219,320.790008544922,327.350006103516,327.350006103516,33318300
2026-08-05,323.420013427734,327.140014648438,320.279998779297,321.549987792969,321.549987792969,27820800
2026-08-06,317.049987792969,323,315.519989013672,319.529998779297,319.529998779297,26033800
2026-08-07,322.339996337891,333.730010986328,321.25,328.579986572266,328.579986572266,39492300
2026-08-10,326.600006103516,332.049987792969,326.149993896484,330.880004882812,330.880004882812,25003800
2026-08-11,332.799987792969,336.200012207031,329.529998779297,332.809997558594,332.809997558594,23345200
2026-08-12,335,335.5,323.640014648438,327.510009765625,327.510009765625,28698900
2026-08-13,327.200012207031,341.640014648438,325.239990234375,339.959991455078,339.959991455078,34708300
2026-08-14,342.329986572266,351.260009765625,335.329986572266,342.269989013672,342.269989013672,45437100
2026-08-17,340.690002441406,345.450012207031,337.480010986328,339.299987792969,339.299987792969,26037100
2026-08-18,333.220001220703,340.529998779297,331.119995117188,336.869995117188,336.869995117188,27994500
2026-08-19,338.890014648438,351.619995117188,335.700012207031,351.119995117188,351.119995117188,36735400
2026-08-20,346.200012207031,347.5,338.959991455078,345.130004882812,345.130004882812,30766400
2026-08-21,349.880004882812,366.5,346.899993896484,362.859985351562,362.859985351562,59224000
2026-08-24,361.410003662109,363.239990234375,348.260009765625,348.950012207031,348.950012207031,39190500
2026-08-25,349.579986572266,357,349.200012207031,350.25,350.25,29816700
2026-08-26,345.269989013672,351.929992675781,342.529998779297,345.820007324219,345.820007324219,28573000
2026-08-27,346.160003662109,355.739990234375,345.450012207031,354.809997558594,354.809997558594,30136200
2026-08-28,357.100006103516,358.799987792969,345.200012207031,348.75,348.75,32972200
2026-08-31,347.209991455078,368.920013427734,347.149993896484,367.950012207031,367.950012207031,61732300
2026-09-01,360.899993896484,362.700012207031,352.959991455078,356.089996337891,356.089996337891,36193900
2026-09-02,360.410003662109,360.619995117188,349.920013427734,357.010009765625,357.010009765625,33951900
2026-09-03,365.820007324219,384.040008544922,365.820007324219,376.369995117188,376.369995117188,63601000
2026-09-04,362.070007324219,364.690002441406,351.320007324219,354.079986572266,354.079986572266,65018200
2026-09-08,357.100006103516,370,355.75,368.160003662109,368.160003662109,51078800
2026-09-09,368.25,375.440002441406,366,367.809997558594,367.809997558594,32564300
2026-09-10,360.600006103516,369.209991455078,357.679992675781,363.559997558594,363.559997558594,29667200
2026-09-11,364.200012207031,368.660003662109,361.600006103516,365.440002441406,365.440002441406,30153000
2026-09-14,359.779998779297,367.730010986328,357.040008544922,358.970001220703,358.970001220703,32477200
2026-09-15,358.75,362.390014648438,354.049987792969,356.579986572266,356.579986572266,30317700
2026-09-16,357.929992675781,365.100006103516,354.890014648438,358.079986572266,358.079986572266,32177400
2026-09-17,367.480010986328,374.119995117188,363.220001220703,366.200012207031,366.200012207031,38924100
2026-09-18,369,370.899993896484,360.75,364.269989013672,364.269989013672,51922300
2026-09-21,371.640014648438,378.359985351562,371.070007324219,375.299987792969,375.299987792969,36599600
2026-09-22,379.070007324219,380.420013427734,372.880004882812,378.899993896484,378.899993896484,28229900
2026-09-23,380.100006103516,386.700012207031,377.579986572266,380.119995117188,380.119995117188,33522500
2026-09-24,377.350006103516,383.329986572266,375.700012207031,377.940002441406,377.940002441406,26165700
2026-09-25,384.619995117188,386.829986572266,367.670013427734,372.109985351562,372.109985351562,45999500
2026-09-28,368.059997558594,369.429992675781,356.799987792969,357.450012207031,357.450012207031,39452900
2026-09-29,358.399993896484,358.739990234375,351.670013427734,352.839996337891,352.839996337891,32492400
2026-09-30,352.109985351562,355.220001220703,345.880004882812,354.809997558594,354.809997558594,39235800
2026-10-01,356.809997558594,359.790008544922,353.799987792969,354.109985351562,354.109985351562,31080800
2026-10-02,360.079986572266,374.600006103516,359.410003662109,370.589996337891,370.589996337891,55242800
2026-10-05,368.799987792969,371.420013427734,364.910003662109,371.140014648438,371.140014648438,4019188
